0,1,2,3,4,5,correct,choiceA_probs,choiceB_probs,choiceC_probs,choiceD_probs
A lesion causing compression of the facial nerve at the stylomastoid foramen will cause ipsilateral,paralysis of the facial muscles.,paralysis of the facial muscles and loss of taste.,"paralysis of the facial muscles, loss of taste and lacrimation.","paralysis of the facial muscles, loss of taste, lacrimation and decreased salivation.",A,False,0.1384635716676712,0.09818536788225174,0.47579270601272583,0.2841087877750397
"A ""dished face"" profile is often associated with",a protruding mandible due to reactivation of the condylar cartilage by acromegaly.,a recessive maxilla due to failure of elongation of the cranial base.,an enlarged frontal bone due to hydrocephaly.,defective development of the maxillary air sinus.,B,False,0.31870126724243164,0.29939213395118713,0.20576900243759155,0.17327487468719482
Which of the following best describes the structure that collects urine in the body?,Bladder,Kidney,Ureter,Urethra,A,True,0.5559679865837097,0.3118697702884674,0.04857993870973587,0.08135608583688736
Which of the following structures is derived from ectomesenchyme?,Motor neurons,Skeletal muscles,Melanocytes,Sweat glands,C,False,0.24905458092689514,0.41708794236183167,0.1312425434589386,0.2001209855079651
Which of the following describes the cluster of blood capillaries found in each nephron in the kidney?,Afferent arteriole,Glomerulus,Loop of Henle,Renal pelvis,B,True,0.1873340606689453,0.7294336557388306,0.04963858053088188,0.03204907849431038
A patient suffers a broken neck with damage to the spinal cord at the level of the sixth cervical vertebra.,They will be unable to breathe without life support.,They will only be able to breathe quietly.,It is impossible to predict an effect on breathing.,Breathing will be unaffected.,B,False,0.41788363456726074,0.16622263193130493,0.12945431470870972,0.28275424242019653
Which of the following anatomical regions of abdomen lies just distal to the sternum?,Epigastric,Hypochondriac,Hypogastric,Lumbar,A,False,0.1849694401025772,0.2231157422065735,0.35653793811798096,0.2301981896162033
Which of the following best describes the human body's defense mechanism against environmental bacteria?,Hair in the nose,Mucous membranes,Osteoblasts,Saliva,B,True,0.052495356649160385,0.8472321033477783,0.054161734879016876,0.044205524027347565
The palatine processes begin to fuse at,six weeks post-fertilization.,eight weeks post-fertilization.,ten weeks post-fertilization.,twelve weeks post-fertilization.,C,False,0.18583890795707703,0.35266023874282837,0.27897724509239197,0.18012124300003052
Primary motor cortex activity results in,bilateral contraction of antigravity limb muscles.,bilateral contraction of limb musculature.,contraction of ipsilateral limb musculature.,contraction of contralateral limb musculature.,D,False,0.2553425133228302,0.2553425133228302,0.32278314232826233,0.1648615151643753
You notice that your patient's submandibular lymph nodes are enlarged. You would look for potential infection sites in the,hard palate.,hard palate and upper lip.,"hard palate, upper lip and upper central incisor.","hard palate, upper lip, upper central incisor and lower first molar.",D,False,0.12825770676136017,0.11496944725513458,0.3889366388320923,0.3653721511363983
A patient suffers damage to the orbit in a road traffic incident resulting in damage to the third cranial nerve. Which of the following signs will be present?,Pupillary constriction and a medial strabismus,Pupillary dilatation and a medial strabismus,Pupillary constriction and a lateral strabismus,Pupillary dilatation and a lateral strabismus,D,False,0.5772813558578491,0.1653938889503479,0.1035008579492569,0.1505928486585617
Which of the following statements is true of the temporomandibular joint?,It has an articular disc of hyaline cartilage,Its articular surfaces are covered by hyaline cartilage,Proprioceptive information is carried by the chorda tympani and deep temporal nerves,Proprioceptive information is carried by the masseteric and auriculotemporal nerves.,D,True,0.20917752385139465,0.17891903221607208,0.27711522579193115,0.3290824592113495
Laryngoscopic examination of the vocal folds after suspected recurrent laryngeal nerve damage usually shows that the vocal fold on the injured side is tensed and in an intermediate position between adduction and abduction. This is because,cricothyroid muscle is still functional but the interarytenoid muscles are fully active.,cricothyroid muscle is still functional but the interarytenoids are weak.,cricothyroid muscle is paralyzed but the interarytenoids are fully active.,cricothyroid muscle is paralyzed but the interarytenoids are weak.,B,False,0.04292091354727745,0.10458333045244217,0.22843101620674133,0.6209397912025452
Which one of the following statements about the growth of the mandible is correct?,The mental symphysis closes at about 1 year postnatally,The condylar growth cartilage ceases activity at puberty,The ossification centre appears about 8 weeks I.U.L medial to Meckel's cartilage,The functional matrix acting on the angle of the mandible is the lateral pterygoid muscle,A,False,0.2384057641029358,0.13373351097106934,0.2744033634662628,0.346878319978714
Which of the following statements is true of the pupillary light reflex?,Its efferent limb is carried in the optic nerve,It is mediated by the inferior colliculi in the midbrain,It is a consensual reflex,Its afferent limb is carried in the oculomotor nerve,C,False,0.23865775763988495,0.18298524618148804,0.1917668879032135,0.3813740015029907
Which muscles are normally active during quiet inspiration?,External and internal intercostal muscles,External intercostal muscles and diaphragm,Internal intercostal muscles and diaphragm,External and internal intercostal muscles and diaphragm,B,False,0.10603758692741394,0.09654832631349564,0.06954115629196167,0.7246354222297668
Male hormones are produced by which of the following?,Glans penis,Prepuce,Prostate,Testes,D,True,0.029045604169368744,0.03291298449039459,0.04641474410891533,0.8895735144615173
Oxygenated blood is carried to the heart by which of the following structures?,Aorta,Carotid arteries,Inferior vena cava,Pulmonary veins,D,False,0.6704132556915283,0.13201218843460083,0.04421854764223099,0.151945099234581
Which of the following allows air to pass into the lungs?,Aorta,Esophagus,Trachea,Pancreas,C,True,0.015278839506208897,0.034973613917827606,0.9019813537597656,0.04561419039964676
Where is the sinoatrial node located?,Between the left atrium and the left ventricle,Between the right atrium and the right ventricle,In the upper wall of the right atrium,In the upper wall of the left ventricle,C,False,0.622516393661499,0.0925287976861,0.13048651814460754,0.1525541990995407
"In relation to the rib, the corresponding intercostal nerve lies",deep to its superior border.,superficial to its superior border.,deep to its inferior border.,superficial to its inferior border.,C,False,0.3084372878074646,0.3335002362728119,0.1757422834634781,0.181320920586586
The regional lymphatic drainage of the left side of the tip of the tongue is to the,left submental lymph node.,left and right submental lymph nodes.,left submandibular lymph node.,left and right submandibular lymph nodes.,B,False,0.22179268300533295,0.2288331240415573,0.38322338461875916,0.16482232511043549
Gastrulation is the process of,mesoderm formation and occurs after neurulation.,ectomesenchyme formation and occurs before neurulation.,mesoderm formation and occurs before neurulation.,ectomesenchyme formation and occurs after neurulation.,B,True,0.26819825172424316,0.33377811312675476,0.26819825172424316,0.1286829262971878
The spheno-occipital synchondrosis,is a secondary growth cartilage.,influences the position of the viscerocranium.,ceases activity at 7 years of age.,can be reactivated in patients affected by acromegaly.,B,True,0.17746344208717346,0.6491342782974243,0.1011156216263771,0.070590078830719
Which of the following substances is found in greater quantity in exhaled air?,Carbon dioxide,Carbon monoxide,Nitrogen,Oxygen,C,False,0.7621603608131409,0.05877149477601051,0.047224219888448715,0.1303902566432953
Which of the following conditions is characterized by the presence of kidney stones (renal calculi)?,Glomerulonephritis,Interstitial nephritis,Nephrolithiasis,Polycystic kidney,C,True,0.010239219292998314,0.010080474428832531,0.9659386277198792,0.012545352801680565
A pulse may be felt on a patient's face where the,facial artery crosses the mandible.,facial artery crosses the maxilla.,superficial temporal artery crosses the maxilla.,superficial temporal artery crosses the orbital rim.,A,True,0.536172091960907,0.20035287737846375,0.15123428404331207,0.1106453537940979
A patient sustains severe blunt trauma to the left upper abdomen and requires surgery. Which one of the following organs is most likely to be involved?,Appendix,Gallbladder,Spleen,Urinary bladder,C,True,0.18233253061771393,0.17672276496887207,0.41736331582069397,0.21993502974510193
Which statement concerning the atrioventricular bundle is correct?,It is formed of autonomic nerve processes and is the only electrical connection between the atria and the ventricles.,It is formed of Purkinje fibres and is the only electrical connection between the atria and the ventricles,It is formed of autonomic nerve processes and forms one of several electrical connections between the atria and ventricles.,It is formed of Purkinje fibres and forms one of several electrical connections between the atria and ventricles.,B,True,0.15217170119285583,0.4009190499782562,0.14520326256752014,0.2979377210140228
Which of the following terms describes the motion of bending the forearm toward the body?,Abduction,Eversion,Flexion,Pronation,C,True,0.0994751825928688,0.03717115893959999,0.819982647895813,0.04146742448210716
Food is prevented from entering the larynx during the pharyngeal phase of swallowing by,constriction of the laryngeal entrance.,upward movement of the epiglottis.,downward movement of the larynx.,increase in respiratory rate.,A,True,0.46694064140319824,0.31594786047935486,0.10749583691358566,0.10749583691358566
At which of the following locations does bile enter the digestive tract?,Gastroesophageal sphincter,Duodenum,Ileocecum,Jejunum,B,False,0.540522575378418,0.25136634707450867,0.08962742239236832,0.11689620465040207
In which of the following positions does a patient lie face down?,Dorsal,Erect,Lateral,Prone,B,False,0.07845097035169601,0.1055673137307167,0.144293412566185,0.6568619012832642
Complete bilateral cleft palate is due to failure of fusion of the,palatine processes.,palatine and frontonasal processes.,"palatine, frontonasal and secondary nasal processes.","palatine, frontonasal, secondary nasal processes and mandibular processes.",C,True,0.22271108627319336,0.19049489498138428,0.397025465965271,0.18754155933856964
The auditory tube,connects the inner ear and nasopharynx.,is derived from the second pharyngeal pouch.,is opened by the action of levator veli palatini.,is closed by the action of tensor veli palatini.,C,False,0.4969830811023712,0.2876317501068115,0.10255824774503708,0.1108919158577919
Which of the following is the lymphoid organ that is a reservoir for red blood cells and filters organisms from the blood?,Appendix,Gallbladder,Pancreas,Spleen,D,True,0.0025924681685864925,0.004078524652868509,0.009937946684658527,0.9825098514556885
Which of the following cavities are separated by the diaphragm?,Abdominal and pelvic,Cranial and spinal,Thoracic and abdominal,Pericardial and pleural,C,True,0.12951359152793884,0.14003756642341614,0.5538593530654907,0.1742795705795288
The walls of bronchioles contain,"cartilage, smooth muscle and respiratory epithelium.",cartilage and smooth muscle.,cartilage and respiratory epithelium.,smooth muscle and respiratory epithelium.,D,False,0.21058103442192078,0.1447300910949707,0.3418067693710327,0.30164340138435364
"Which of the following organs removes bilirubin from the blood, manufactures plasma proteins, and is involved with the production of prothrombin and fibrinogen?",Gallbladder,Kidney,Liver,Spleen,C,True,0.008570289239287376,0.010833862237632275,0.9752330780029297,0.004048318136483431
Which of the following conditions is characterized by incompetence of the esophageal sphincter?,Crohn's disease,Esophageal varices,Gastroesophageal reflux disease,Pyloric stenosis,C,True,0.043781060725450516,0.05891385301947594,0.826088011264801,0.06887727975845337
The muscles of the soft palate are innervated by branches of the,trigeminal and glossopharyngeal nerves.,facial and glossopharyngeal nerves.,trigeminal and vagus nerves.,facial and vagus nerves.,C,False,0.2729555368423462,0.30929914116859436,0.2193259298801422,0.1966024935245514
Which of the following is the large bone found superior to the patella and inferior to the ischium?,Calcaneus,Femur,Symphysis pubis,Tibia,B,True,0.1423884481191635,0.6185072064399719,0.0786343589425087,0.15884579718112946
A successful inferior alveolar nerve block will produce anaesthesia of the,lower lip.,lower lip and mandibular teeth.,"lower lip, mandibular teeth and labial gingivae of the anterior mandibular teeth.","lower lip, mandibular teeth and labial gingivae of the anterior and buccal gingivae of the posterior mandibular teeth.",C,True,0.07314036786556244,0.10641860216856003,0.5663744211196899,0.25132712721824646
The mucosa of the upper larynx is innervated by the,internal laryngeal nerve which is the afferent limb of the cough reflex.,external laryngeal nerve which is the afferent limb of the gag reflex.,internal laryngeal nerve which is the afferent limb of the gag reflex.,external laryngeal nerve which is the afferent limb of the cough reflex.,A,True,0.3939322233200073,0.302038311958313,0.1299050748348236,0.17209625244140625
The bones of the viscerocranium develop initially by,endochondral ossification and follow the somatic growth pattern.,endochondral ossification and follow the neural growth pattern.,intramembranous ossification and follow the somatic growth pattern.,intramembranous ossification and follow the neural growth pattern.,C,False,0.2918482720851898,0.23450666666030884,0.2918482720851898,0.17980249226093292
The physician directs the medical assistant to complete a request form for an X-ray study of the fibula. The procedure will be performed on which of the following structures?,Heel,Lower leg,Toes,Thigh,B,True,0.21574413776397705,0.3968141973018646,0.13085544109344482,0.2522304654121399
Which cells in the blood do not have a nucleus?,Lymphocyte,Monocyte,Erythrocyte,Basophil,C,False,0.3713604509830475,0.1205630898475647,0.2716931104660034,0.22878853976726532
The coronal suture joins the,frontal and parietal bones.,left and right parietal bones.,parietal and occipital bones.,"parietal, squamous temporal and greater wing of the sphenoid.",A,False,0.1360759437084198,0.08515414595603943,0.5298469066619873,0.24640169739723206
"If you run your finger down the anterior midline of a patient's extended neck from chin to sternal notch, you should be able to palpate, in order, the","hyoid bone, cricoid cartilage, thyroid cartilage.","thyroid cartilage, cricoid cartilage, hyoid bone.","hyoid bone, thyroid cartilage, cricoid cartilage.","thyroid cartilage, hyoid bone, cricoids cartilage.",C,False,0.2936607003211975,0.27159175276756287,0.25118130445480347,0.1809191107749939
Which of the following bony structures may be palpated in a live patient?,The supraorbital foramen,The infraorbital foramen,The mental foramen,All of the above,D,True,0.08329051733016968,0.03016582690179348,0.034182358533144,0.8412044048309326
Which of the following structures accompany the oesophagus through the diaphragm?,The phrenic nerves,The splanchnic nerves,The sympathetic trunks,The vagus nerves,D,True,0.2608942687511444,0.18213355541229248,0.16844600439071655,0.3855767250061035
Which sequence describes the systemic circulation?,Left ventricle → aorta → arteries → veins → capillaries,Left ventricle → aorta → arteries →capillaries → veins,Right ventricle → pulmonary trunk → arteries → capillaries →veins,Right ventricle → pulmonary trunk → arteries → veins → capillaries,B,False,0.3975975513458252,0.15091101825237274,0.11391361057758331,0.334810733795166
The anatomic location of the spinal canal is,caudal,dorsal,frontal,transverse,B,False,0.219493106007576,0.3047359883785248,0.1331292986869812,0.3399575650691986
The parotid duct runs,deep to masseter and enters the mouth opposite the upper second molar.,superficial to masseter and enters the mouth opposite the upper second molar.,deep to masseter and enters the mouth opposite the upper second premolar.,superficial to masseter and enters the mouth opposite the upper second premolar.,B,True,0.2825896441936493,0.28703978657722473,0.25730079412460327,0.1713992804288864
"If the foot is abducted, it is moved in which direction?",Inward,Outward,Upward,Downward,D,False,0.2028471678495407,0.5869576930999756,0.09581820666790009,0.11202283948659897
The infraorbital nerve,is a terminal branch of the maxillary division of the trigeminal nerve.,is a terminal branch of the maxillary branch of the facial nerve.,carries parasympathetic secretomotor neurons to the lacrimal gland.,innervates the inferior part of the orbicularis oculi muscle.,A,True,0.3984346389770508,0.1972394436597824,0.20996031165122986,0.19117103517055511
Which of the following best describes the process whereby the stomach muscles contract to propel food through the digestive tract?,Absorption,Emulsion,Peristalsis,Regurgitation,C,True,0.0009198535117320716,0.002500421367585659,0.9931027889251709,0.0021055657416582108
Which of the following is the point at which an impulse is transmitted from one neuron to another neuron?,Dendrite,Glial cell,Nerve center,Synapse,D,True,0.0007625067373737693,0.001639647176489234,0.0038723284378647804,0.9930003881454468
Which of the following muscles initiates elevation of the mandible?,Masseter,Temporalis,Lateral pterygoid,Medial pterygoid.,D,False,0.27125784754753113,0.37660419940948486,0.11485778540372849,0.23201912641525269
Which of the following is an accessory organ of the gastrointestinal system that is responsible for secreting insulin?,Adrenal gland,Gallbladder,Liver,Pancreas,D,True,0.0023890959564596415,0.009749003686010838,0.05270261690020561,0.9341762065887451
A malignant tumour is damaging the patient's glossopharyngeal nerve. They will experience,loss of taste over the anterior two-thirds of the tongue.,loss of somaesthetic sensation over the anterior two thirds of the tongue.,loss of taste and somaesthetic sensation over the posterior third of the tongue.,paralysis of the muscles of the tongue.,C,False,0.3742939233779907,0.26541411876678467,0.23059579730033875,0.12734709680080414
A possible effect of damage to the third cranial nerve by trauma to the orbit is,a convergent strabismus.,ptosis.,pupillary contriction.,bitemporal hemianopia.,B,False,0.3980615735054016,0.27789175510406494,0.1822458803653717,0.13973276317119598
Blood flows from the right ventricle of the heart into which of the following structures?,Inferior vena cava,Left ventricle,Pulmonary arteries,Pulmonary veins,C,False,0.34397435188293457,0.20539647340774536,0.17296117544174194,0.2763911783695221
A patient is stabbed in the neck. You suspect damage to the accessory nerve in the posterior triangle. You would test nerve function by asking the patient to,extend their neck against resistance.,extend their neck without impairment.,lift their shoulders against resistance.,lift their shoulders without impairment.,C,False,0.4694547951221466,0.24738530814647675,0.11504484713077545,0.16479414701461792
Which of the following muscles are derived from the first brachial arch?,The muscles of mastication,The muscles of mastication and anterior belly of digastric,The muscles of mastication and anterior and posterior bellies of digastric,"The muscles of mastication, anterior and posterior bellies of digastric and geniohyoid",B,False,0.053824737668037415,0.06698597222566605,0.0724291056394577,0.8034043908119202
Which of the following best describes the location where the carotid pulse can be found?,In front of the ears and just above eye level,In the antecubital space,In the middle of the groin,On the anterior side of the neck,D,False,0.685952365398407,0.07117795944213867,0.03809881582856178,0.20276711881160736
"In the brain stem, pathways for:",nociception decussate in the medial lemniscus,skilled movements decussate in the medial lemniscus,skilled motor movements decussate in the pyramids.,discriminative touch decussate in the pyramids.,C,False,0.388675332069397,0.23574350774288177,0.2214605212211609,0.14984768629074097
The respiratory tract is crossed by the isthmus of the thyroid gland at the level of the,thyroid cartilage.,cricothyroid membrane.,cricoid cartilage.,tracheal rings.,D,False,0.3212023079395294,0.3935452699661255,0.16405408084392548,0.12002451717853546
You notice a lesion on the labial alveolar mucosa of the lower right lateral incisor tooth of one of your patients and decide to take a biopsy to send for oral pathology report Which nerve would require local anaesthesia in order to carry out a pain-free biopsy?,The incisive nerve,The mental nerve,The buccal nerve,The lingual nerve,B,False,0.3801168203353882,0.3151279091835022,0.14203928411006927,0.15845626592636108
The major concentrations of proprioceptive receptors providing information about position of the TMJ are located in,the capsule and ligaments of the TMJ and the medial pterygoid muscle.,the capsule and ligaments of the TMJ and the lateral pterygoid muscle.,the articular disc of the TMJ and the medial pterygoid muscle.,the articular disc of the TMJ and the lateral pterygoid muscle.,B,False,0.41513270139694214,0.18135805428028107,0.21875956654548645,0.18135805428028107
Which of the following is a substance that aids the transmission of nerve impulses to the muscles?,Acetylcholine,Cholecystokinin,Deoxyribose,Oxytocin,A,True,0.9602299332618713,0.017587225884199142,0.009124131873250008,0.010501811280846596
"In the spinal cord, motor neuron cell bodies are located in",Lamina I.,Lamina II.,Lamina V.,Lamina IX,D,False,0.16882109642028809,0.46613001823425293,0.22365161776542664,0.13565155863761902
"When you examine a patient who has suffered an unfavourable fracture of the body of the mandible, you would expect the",anterior fragment to be displaced downwards by the action of the digastric muscle.,posterior fragment to be displaced anteriorly by the action of the lateral pterygoid muscle.,anterior fragment to be displaced backwards by action of the temporalis muscle.,posterior fragment to be displaced medially by action of the medial pterygoid muscle.,A,False,0.28428709506988525,0.3122282922267914,0.17790231108665466,0.22140300273895264
Examination of a patient indicates that they have a medially directed strabismus (squint). This could be due to damage to the,oculomotor nerve.,trochlear nerve.,ophthalmic trigeminal nerve.,abducens nerve.,D,False,0.4622678756713867,0.24743418395519257,0.12058979272842407,0.1674223393201828
"A patient cuts a peripheral motor nerve in their wrist when they fall through a plate glass window. If the nerve does not regenerate, after about 6 months the muscles it normally innervates will show signs of which of the four options below?",spastic paralysis,flaccid paralysis,atrophy,contracture,C,False,0.16416405141353607,0.2926540672779083,0.15664643049240112,0.3816928565502167
A patient suffers a CVA in the area of the left internal capsule conveying motor neurons to the right leg. The patient's leg will exhibit,spastic paralysis.,flaccid paralysis.,tremor.,hyporeflexia.,A,True,0.6574098467826843,0.20365606248378754,0.058348435908555984,0.0785164088010788
The crown of a very carious tooth suddenly fractures while the patient is standing eating at a take-away food outlet and a fragment is inhaled. It is more likely to enter the,right lung because the right main bronchus is wider and more vertical than the left.,left lung because the left main bronchus is wider and more vertical than the right.,right lung or left lung because the two main bronchi are of equal size and at the same angulation.,right or left lung because there are no factors predisposing to the fragment going in one particular direction.,A,False,0.24666810035705566,0.2143089324235916,0.28838419914245605,0.2428438663482666
"Calcium, potassium, and sodium are classified as which of the following?",Androgens,Catecholamines,Electrolytes,Estrogens,C,True,0.004680500831454992,0.004982366692274809,0.9796105623245239,0.0093082869425416
Noradrenaline is the neurotransmitter between which of the two structures below?,parasympathetic pre- and post-ganglionic neurons,sympathetic pre- and post-ganglionic neurons,parasympathetic post-ganglionic neurons and target organs,sympathetic post-ganglionic neurons and target organs,D,False,0.35274162888526917,0.37549149990081787,0.09795282036066055,0.1719125509262085
Which of the following are mucus-producing glands located on each side of the vaginal opening?,Adrenal,Bartholin's,Bulbourethral,Corpus luteum,B,True,0.15657462179660797,0.5909064412117004,0.16667281091213226,0.08250902593135834
"When an emergency opening into the airway is required, the cricothyroid membrane should be pierced immediately",superior to the thyroid cartilage.,inferior to the thyroid cartilage.,inferior to the cricoid cartilage.,superior to the thyroid isthmus.,B,True,0.26764246821403503,0.2761383354663849,0.23619365692138672,0.21844342350959778
Cerebrospinal fluid circulates around the brain between the,skull and dura mater.,dura mater and arachnoid mater.,arachnoid and pia maters.,pia mater and brain surface.,C,False,0.536174476146698,0.23423726856708527,0.12735259532928467,0.10074419528245926
Which of the following closes and seals off the lower airway during swallowing?,Alveoli,Epiglottis,Larynx,Uvula,B,True,0.06237432360649109,0.555936336517334,0.2839444875717163,0.0951094850897789
Which orbital wall is most likely to collapse in a 'blow out' fracture?,The roof,The floor,The lateral wall,The medial wall,B,False,0.24879853427410126,0.24494126439094543,0.30010831356048584,0.20306344330310822
The walls of the maxillary sinus are sinus is related to,the floor of the orbit.,the floor of the orbit and the upper posterior teeth.,"the floor of the orbit, the upper posterior teeth and the infratemporal fossa.","the floor of the orbit, the upper posterior teeth, the infratemporal fossa and the hard palate.",C,True,0.07747390866279602,0.10263624787330627,0.6287232637405396,0.18877694010734558
Which of one of the following statements about the postnatal growth of the maxilla is correct?,Pneumatisation by enlargement of the developing maxillary sinus ceases at puberty,Space is created for the eruption of the permanent molars by resorption of the maxillary tuberosity,The zygomaticomaxillary sutures contribute to increase in height and length of the maxilla,The intermaxillary suture closes about eight years postnatally,C,False,0.26560357213020325,0.21341848373413086,0.2614857852458954,0.2534407377243042
The seventh cranial nerve supplies,taste buds on the posterior third of the tongue.,muscles of the soft palate.,muscles of the lower lip.,the parotid salivary gland.,C,False,0.41681480407714844,0.31462833285331726,0.13322201371192932,0.13322201371192932
Which of the following paranasal sinuses open into the middle meatus?,The anterior ethmoidal sinuses,The anterior ethmoidal and frontal sinuses,"The anterior ethmoidal, frontal and maxillary sinuses","The anterior ethmoidal, frontal, maxillary and sphenoidal sinuses",C,True,0.17204564809799194,0.14263084530830383,0.3757822513580322,0.3067045211791992
"Which of the following is a structural, fibrous protein found in the dermis?",Collagen,Heparin,Lipocyte,Melanin,A,True,0.9629096388816833,0.011386854574084282,0.01736287958920002,0.007015237584710121
Palatine shelf elevation is due to the effect of,descent of the tongue.,changes in flexure of the developing brain.,hydrophilic molecules increasing turgor pressure in the palatine shelves.,a combination of these three processes.,D,True,0.13135841488838196,0.12339980155229568,0.33023500442504883,0.4109840989112854
On which surfaces of the teeth is dental plaque most likely to accumulate in the mouth of a patient with poor oral hygiene?,The palatal surfaces of the upper molars and lingual surfaces of the lower incisors.,The buccal surfaces of the upper molars and lingual surfaces of the lower incisors.,The palatal surfaces of the upper molars and labial surfaces of the lower incisors.,The buccal surfaces of the upper molars and labial surfaces of the lower incisors.,B,True,0.1996167153120041,0.295014351606369,0.23337557911872864,0.26861363649368286
Laryngeal oedema is usually confined to the larynx above the vocal folds because,there are numerous mucous glands in the vestibular folds.,the mucosa covering the vocal folds is tightly attached to underlying tissues.,fluid will drain rapidly into the thorax below the vocal folds.,the mucosa above the vocal folds is more vascular than that below the vocal folds.,B,True,0.2535846531391144,0.2785082459449768,0.22731181979179382,0.23822075128555298
The coronary arteries,arise from the arch of the aorta and fill during diastole.,arise from the ascending aorta and fill during systole.,arise from the arch of the aorta and fill during systole.,arise from the ascending aorta and fill during diastole.,D,False,0.26293179392814636,0.2470015585422516,0.3483280539512634,0.14073725044727325
Which muscle is the most active during a right lateral excursion of the mandible?,Left lateral pterygoid muscle,Right lateral pterygoid muscle,Left medial pterygoid muscle,Right medial pterygoid muscle,A,False,0.16900229454040527,0.5717273950576782,0.06217247247695923,0.19452045857906342
The phrenic nerves innervate the,diaphragm.,diaphragm and parietal pleura.,"diaphragm, parietal pleura and pericardium.","diaphragm, parietal pleura, pericardium and intercostals muscles.",C,False,0.10667740553617477,0.07927590608596802,0.33376404643058777,0.4780949354171753
Parasympathetic preganglionic nerves leave the central nervous system with the,third cranial nerves.,fourth cranial nerves.,fifth cranial nerves.,sixth cranial nerves.,A,True,0.29266858100891113,0.2351658195257187,0.274936705827713,0.19495931267738342
"In a patient with a normal healthy mouth, you would expect the mucosa covering the alveolar process supporting the mandibular teeth to be",light pink in colour on both sides of the mucogingigival junction.,light pink below the mucogingival junction and red above it.,red below the mucogingival junction and light pink above it.,red on both sides of the mucogingival junction.,C,False,0.5460469126701355,0.16141115128993988,0.1180909276008606,0.17182128131389618
Macrostomia results from failure of fusion of,maxillary and mandibular processes.,left and right mandibular processes.,maxillary and frontonasal processes.,mandibular and hyoid arches.,A,True,0.3164477050304413,0.21079963445663452,0.3067116439342499,0.16417090594768524
You suspect that your patient has an enlarged submandibular salivary gland. You expect the enlarged gland,to be palpable intraorally..,to be palpable extraorally.,to be palpable both intra- and extraorally.,only to be detectable by radiographical examination.,C,False,0.30746784806251526,0.3027009963989258,0.23574377596378326,0.1498478502035141
Osteoclasts,deposit bone and differentiate from periosteal mesenchymal cells.,resorb bone and differentiate from periosteal mesenchymal cells.,deposit bone and differentiate from monocytes.,resorb bone and differentiate from monocytes.,D,False,0.33860281109809875,0.500422477722168,0.04954853653907776,0.10992822796106339
The lateral pterygoid muscle,is attached to the coronoid process and elevates the mandible.,is attached to the condylar process and elevates the mandible.,is attached to the coronoid process and protrudes the mandible.,is attached to the condylar process and protrudes the mandible.,D,False,0.33050480484962463,0.2614508271217346,0.24180246889591217,0.1636117398738861
"In the fetus, the ductus arteriosus passes blood from the",pulmonary vein to the aorta.,aorta to pulmonary vein.,pulmonary artery to the aorta.,aorta to the pulmonary artery.,C,True,0.22360657155513763,0.15129975974559784,0.5199008584022522,0.1039867103099823
Which of the following bones develop by endochondral ossification?,The ribs,The ribs and sternum,"The ribs, sternum and clavicle","The ribs, sternum, clavicle and vertebrae",B,False,0.11509359627962112,0.09844476729631424,0.109823077917099,0.6727479100227356
The mucosa of the hard palate is,keratinised and has submucosa and minor salivary glands posterolaterally.,non-keratinised and has submucosa and minor salivary glands posteromedially.,keratinised and lacks submucosa and minor salivary glands.,non-keratinised and lacks submucosa and minor salivary glands.,A,True,0.5271725654602051,0.23393142223358154,0.11224151402711868,0.12521447241306305
The head of the sixth rib articulates with,The inferior articular facet of T5 and superior articular facet of T6.,The inferior articular demifacet of T5 and superior articular facet of T6.,The inferior articular demifacet of T5 and the superior articular demifacet of T6.,The superior and inferior demifacets of T6.,C,True,0.255482941865921,0.2476225644350052,0.2986898124217987,0.195885568857193
Which of the following is located beneath the diaphragm in the left upper quadrant of the abdominal cavity?,Appendix,Duodenum,Spleen,Pancreas,C,True,0.0834924727678299,0.2492624819278717,0.4584638774394989,0.20664586126804352
Proprioceptive nerve endings in synovial joints are located in,articular cartilage and synovial membrane.,synovial membrane and capsule.,capsule and ligaments.,ligaments and articular discs.,D,False,0.4735579788684845,0.2615235447883606,0.13781322538852692,0.12548038363456726
The thoracic cage is a structural unit important for which of the following functions?,Alimentation,Menstruation,Mentation,Respiration,D,True,0.0036730372812598944,0.005099507048726082,0.018079323694109917,0.971794068813324
A patient is admitted after a head injury and sinks rapidly into a coma. An MRI scan indicates an extradural haemorrhage because extravasated blood can be detected between the,skull bones and dura mater.,dura mater and arachnoid.,arachnoid and pia mater.,pia mater and brain surface.,A,True,0.7903721332550049,0.10048452764749527,0.04389844462275505,0.06387186050415039
A successful infraorbital nerve block will produce anaesthesia of the,maxillary anterior teeth.,maxillary anterior teeth and their labial gingivae.,"maxillary anterior teeth, their labial gingivae and the upper lip.","maxillary anterior teeth, their labial gingivae, the upper lip and anterior hard palate.",C,True,0.05191516503691673,0.09111394733190536,0.6424158811569214,0.2118462771177292
Which of the following foramina pierce the sphenoid bone?,The foramen ovale,The foramen ovale and rotundum,"The foramen ovale, rotundum and spinosum","The foramen ovale, rotundum and spinosum and foramen lacerum",C,False,0.06575077772140503,0.10025797039270401,0.11360716819763184,0.7180193662643433
Which of the following is a disorder characterized by uncontrollable episodes of falling asleep during the day?,Dyslexia,Epilepsy,Hydrocephalus,Narcolepsy,D,True,0.00478433258831501,0.02546287328004837,0.013005164451897144,0.9554873108863831
Which of the following allows gas exchange in the lungs?,Alveoli,Bronchi,Bronchioles,Capillaries,A,True,0.8695076107978821,0.03820350021123886,0.022458679974079132,0.06810510158538818
"A patient has a fracture in which the radius is bent but not displaced, and the skin is intact. This type of fracture is known as which of the following?","Closed, greenstick","Complex, comminuted","Compound, transverse","Open, spiral",A,True,0.6978169083595276,0.11570938676595688,0.07354936003684998,0.11041068285703659
Fertilization of an ovum by a spermatozoon occurs in which of the following structures?,Cervix,Fallopian tube,Ovary,Uterus,B,True,0.05002766102552414,0.7825642824172974,0.039575137197971344,0.12576952576637268
Ectoderm gives rise to,the neural tube.,ectomesenchymal cells.,dental enamel.,all three structures.,D,False,0.5382282733917236,0.1059834286570549,0.06230444833636284,0.28809285163879395
"In men, which of the following structures is located at the neck of the bladder and surrounds the urethra?",Epididymis,Prostate,Scrotum,Seminal vesicle,B,True,0.04759392514824867,0.8436224460601807,0.04759392514824867,0.05923159047961235
"Which of the following options completes the following statement? ""The right atrioventricular valve…""",is a semilunar valve,is prevented from everting by papillary muscles.,is open during systole.,prevents blood returning from the pulmonary trunk as the heart relaxes.,B,True,0.22329576313495636,0.3100154399871826,0.2530272305011749,0.2097669541835785
Which one of the following brain areas is supplied by branches of the subclavian arteries?,The frontal lobe,The parietal lobe,The hypothalamus,The cerebellum,D,False,0.36775171756744385,0.21619006991386414,0.19379155337810516,0.2195945829153061
Which of the following structures is part of the small intestine?,Ascending colon,Cecum,Ileum,Sigmoid colon,C,True,0.05959228798747063,0.07651800662279129,0.7374151945114136,0.1242009848356247
During an inferior alveolar nerve block the needle ideally passes,posterior and medial to medial pterygoid.,anterior and lateral to medial pterygoid.,through medial pterygoid.,inferior to medial pterygoid.,B,False,0.27215808629989624,0.18129637837409973,0.20543570816516876,0.33870619535446167
Patients with which of the following diseases are treated with injections of vitamin B-12?,Bell's palsy,Crohn's disease,Pernicious anemia,Graves' disease,C,True,0.016285289078950882,0.014371716417372227,0.9464916586875916,0.021240022033452988
Which of the following bones has a process that joins with the zygomatic bone to form the zygomatic arch?,The maxillary bone,The temporal bone,The sphenoid bone,The frontal bone,B,False,0.6772056221961975,0.1583566814661026,0.08215436339378357,0.08088067919015884
Parasympathetic preganglionic axons leave the CNS with the,cervical spinal nerves.,thoracic spinal nerves.,lumbar spinal nerves.,sacral spinal nerves.,D,False,0.25411683320999146,0.2139878273010254,0.3262924551963806,0.20418861508369446
A patient with damage to their cervical sympathetic chain will show the following signs and symptoms.,Pupillary constriction,Pupillary constriction and vasodilation of facial vessels,"Pupillary constriction, vasodilation of facial vessels and increased facial sweating","Pupillary constriction, vasodilation of facial vessels, increased facial sweating and decreased lacrimation",B,False,0.027580883353948593,0.027580883353948593,0.3521290719509125,0.589705228805542
Which of the following cranial nerves is related to the sense of smell?,Abducens,Hypoglossal,Olfactory,Trochlear,C,True,0.01837981678545475,0.005967052653431892,0.9726294279098511,0.001331429579295218
Where are the vital centres located in the brainstem?,midbrain,pons,medulla oblongata,cerebellum,C,True,0.1003970205783844,0.13509894907474518,0.6445210576057434,0.1155562698841095
Saliva contains an enzyme that acts upon which of the following nutrients?,Starches,Proteins,Fats,Minerals,A,False,0.1780308485031128,0.6824619770050049,0.08024478703737259,0.056902073323726654
During swallowing the,auditory tube opens.,cricopharyngeus muscle contracts.,rima glottis opens.,gag reflex is suspended.,A,False,0.18435344099998474,0.2811054289340973,0.3444175720214844,0.1872565746307373
The dorsal roots of all spinal nerves contain,sensory neuronal processes.,sensory and autonomic neuronal processes.,motor neuronal processes.,motor and autonomic neuronal processes.,A,False,0.2347697615623474,0.5631833672523499,0.10256331413984299,0.09786658734083176
Which of the following is the master gland of the endocrine system?,Adrenal,Pancreas,Pineal,Pituitary,D,True,0.0030406215228140354,0.004493746906518936,0.005860950797796249,0.9856604337692261
Loss of somatic sensation over the anterior two-thirds of the tongue indicates damage to the,lingual branch of the mandibular trigeminal nerve.,chorda tympani branch of the facial nerve.,lingual branch of the glossopharyngeal nerve.,hypoglossal nerve.,A,False,0.31003472208976746,0.39809244871139526,0.16856294870376587,0.12141133099794388
"In men, specimens for gonococcal cultures are most commonly obtained from which of the following structures?",Anus,Bladder,Urethra,Testicle,C,True,0.09284528344869614,0.0679270550608635,0.5178493857383728,0.3190377652645111
Which of the following structures should be visible on a dental panoramic radiograph?,The mandibular canal,The mandibular canal and maxillary sinus,"The mandibular canal, maxillary sinus and hard palate","The mandibular canal, maxillary sinus, hard palate and zygomatic arch",D,True,0.03552785515785217,0.042190372943878174,0.09809555113315582,0.8213440179824829
