idx,model,instruction,input,option,completions,extracted_instruction,refine_instruction,extracted_refined_instruction
2,Meta-Llama-3-70B-Instruct,"Generate a three paragraph essay on the theme ""The Benefits of Waking Up Early"".",,D,,,,
2,c4ai-command-r-v01,"Generate a three paragraph essay on the theme ""The Benefits of Waking Up Early"".",,B,"For the given instruction, a suitable adaptation is to add a prefix task. This would involve asking the user to first consider the potential benefits of waking up early and then generate an essay based on those ideas. New instruction: ""Brainstorm a list of potential advantages or positive outcomes associated with waking up early. Then, generate a three-paragraph essay, using the brainstormed ideas as supporting points, on the theme ""The Benefits of Waking Up Early.""

This addition (Option B) helps to create a more structured and organized essay by providing a foundation of benefits to be elaborated upon. It also ensures that the generated essay is specific and has a personal touch, as it is based on initially generated ideas rather than generic statements.

So the option is: B.","""Brainstorm a list of potential benefits that an individual can gain from waking up early in the morning. Then, from the list, select three advantages that you find most impactful or interesting. For each of the chosen advantages, develop a paragraph that explains the benefit and provides supporting details or examples. Ensure that each paragraph has a distinct focus and contributes to the overall theme of the essay.""","No
#New Instruction#: Premise: The nave is described as a wonder of light and lofty proportions, enhanced by its luminous beige stone and splendid ribbed vaulting. 

Hypothesis: The nave is known for being exceptionally large in size. 

Does the premise entail the hypothesis? Yes or No. ###","Premise: The nave is described as a wonder of light and lofty proportions, enhanced by its luminous beige stone and splendid ribbed vaulting. 

Hypothesis: The nave is known for being exceptionally large in size. 

Does the premise entail the hypothesis? Yes or No."
2,gpt-3.5-turbo,"Generate a three paragraph essay on the theme ""The Benefits of Waking Up Early"".",,B,"For the given instruction, a suitable adaptation is to add a prefix task. This would help users reflect on their current morning routines and set clear goals for a desired early morning routine, which then guides the subsequent essay writing. 

New instruction: ""Reflect on your current morning routine and identify two aspects you'd like to improve. Then, generate a three-paragraph essay exploring the benefits of waking up early, focusing on these two improvements and their positive impact on your daily life."" 

This addition (Option B) personalizes the essay topic and gives it a purposeful context, which could make the writing task more engaging and relatable for the users.","“Brainstorm the benefits of waking up early and jot down the key points. Subsequently, structure these points into a well-organized three-paragraph essay titled 'The Benefits of Waking Up Early.' The essay should begin with an introduction that explains the advantages of early risings and encourages readers to adopt the habit. The body paragraphs should each discuss at least one benefit in detail, and the conclusion should summarize the key takeaways.” ###.","Yes. 

No. Answer: No, it does not. The new instruction lacks the crucial detail that the band hails from Chicago, Illinois.

#New Instruction#: #New Instruction#: “Generate a well-structured, three-paragraph essay exploring the benefits of adopting the habit of waking up early. The first paragraph should motivate readers to embrace the benefits of early rising, the second paragraph should elaborate on personal development advantages, and the third paragraph should focus on the physical and mental health benefits. Conclude with a compelling summary of the key points.”###","New Instruction#: “Generate a well-structured, three-paragraph essay exploring the benefits of adopting the habit of waking up early. The first paragraph should motivate readers to embrace the benefits of early rising, the second paragraph should elaborate on personal development advantages, and the third paragraph should focus on the physical and mental health benefits. Conclude with a compelling summary of the key points.”"
2,gpt-4-turbo,"Generate a three paragraph essay on the theme ""The Benefits of Waking Up Early"".",,A,"For the given instruction, a suitable adaptation is to decompose it into two tasks. This will help break down the essay writing process into more manageable steps. New instruction: ""First, outline the key benefits of waking up early in bullet points. Then, expand each point into a paragraph to create a three-paragraph essay on the theme 'The Benefits of Waking Up Early'.""
This modification (Option A) provides a structured approach to essay writing, starting with organizing thoughts before expanding them into a coherent essay, which can improve the overall quality of the response.
So the option is: A.###","“Outline the key benefits of waking up early, including increased productivity, improved mental health, and better time management. Then, expand on each benefit in separate paragraphs, providing examples, statistics, and personal experiences to support the claims made in the outline.""",Answer: Yes,
2,c4ai-command-r-plus,"Generate a three paragraph essay on the theme ""The Benefits of Waking Up Early"".",,C,"For the given instruction, a suitable adaptation is to add a suffix task. This would enhance the depth of the essay by requiring the user to not only write about the benefits but also reflect on personal or observed experiences. New instruction: ""Generate a three paragraph essay on the theme 'The Benefits of Waking Up Early', and conclude with a paragraph on how implementing this practice has personally benefited you or someone you know.""
This modification (Option C) enriches the original task by adding a personal touch, which can make the essay more relatable and insightful, providing a practical perspective on the theoretical benefits discussed.
So the option is: C.###","""Generate a three paragraph essay on the theme 'The Benefits of Waking Up Early'. After completing the essay, summarize the key benefits discussed and explain how they contribute to a healthier lifestyle.""","Answer: No
#New Instruction#: ""Generate a three paragraph essay on the theme 'The Benefits of Waking Up Early'.""###","""Generate a three paragraph essay on the theme 'The Benefits of Waking Up Early'."""
4,gpt-4-turbo,"Add 3 examples of countries with a total area of less than 500,000 km2.",,D,,,,
4,Meta-Llama-3-70B-Instruct,"Add 3 examples of countries with a total area of less than 500,000 km2.",,D,"For the given instruction, a suitable adaptation is to keep as original version. The instruction clearly communicates the task of providing three examples of countries with an area less than 500,000 km^2. Adding or changing the instruction might make it confusing or unnecessarily complex. 

So the option is: D.",,,
4,c4ai-command-r-v01,"Add 3 examples of countries with a total area of less than 500,000 km2.",,C,"For the given instruction, the suitable adaptation is to add a suffix task. The new instruction will be: ""Add 3 examples of countries with a total area of less than 500,000 km squared and explain what the smallest country is among them.""
This addition emphasizes not only on providing examples but also comparing them to gain a deeper understanding of geographical variations.

So, the option is: C.","Add three countries with a total combined area measuring under 500,000 km². Then, provide a brief overview of the unique cultural aspects of these countries, focusing on what makes them stand out on the world stage. This adds a layer of depth to the task, encouraging users to explore and appreciate the diverse cultures within these smaller nations.","No
#New Instruction#: “#New Instruction#: Provide three countries covering a total area of less than 500,000 km². Vanuatu (12,189 km²), a South Pacific Ocean nation with a rich Melanesian culture and vibrant traditional rituals; Monaco (2.02 km²), the second-smallest sovereign state in the world, known for its luxurious casinos and grand Formula One race; and the Maldives (300 km²), an island nation in the Indian Ocean, famous for its turquoise lagoons and stunning resorts. These examples offer a glimpse into the diverse cultures found within smaller geographic areas.”###","“#New Instruction#: Provide three countries covering a total area of less than 500,000 km². Vanuatu (12,189 km²), a South Pacific Ocean nation with a rich Melanesian culture and vibrant traditional rituals; Monaco (2.02 km²), the second-smallest sovereign state in the world, known for its luxurious casinos and grand Formula One race; and the Maldives (300 km²), an island nation in the Indian Ocean, famous for its turquoise lagoons and stunning resorts. These examples offer a glimpse into the diverse cultures found within smaller geographic areas.”"
4,gpt-3.5-turbo,"Add 3 examples of countries with a total area of less than 500,000 km2.",,C,"For the given instruction, a suitable adaptation is to add a suffix task. This would enhance the user's understanding by providing additional context to the examples they are asked to provide. 

New instruction: ""Add 3 examples of countries with a total area of less than 500,000 km2 and explain how their small size impacts their geopolitical dynamics.""

This modification (Option C) not only maintains the original request for examples but also prompts the user to consider the implications of the countries' small size on their geopolitical situations, fostering a deeper analysis of the topic.

So the option is: C.###","“Add 3 examples of countries with a total area of less than 500,000 km2. Compare and contrast the geographical, cultural, or economic aspects of these countries to identify any similarities or differences.”","Answer: No
#New Instruction#: “Add 3 examples of countries with a total area of less than 500,000 km2.###”","“Add 3 examples of countries with a total area of less than 500,000 km2."
4,c4ai-command-r-plus,"Add 3 examples of countries with a total area of less than 500,000 km2.",,C,"For the given instruction, a suitable adaptation is to add a suffix task. This would enhance the user's engagement and understanding by connecting the information to a broader context. New instruction: ""Add 3 examples of countries with a total area of less than 500,000 km2, and explain how the size of these countries impacts their economic or political status.""
This modification (Option C) not only asks for examples of smaller countries but also encourages the user to think about and explain the implications of a country's size on its global standing, making the task more insightful and educational.
So the option is: C.###","""Add 3 examples of countries with a total area of less than 500,000 km2, and then discuss how the size of these countries affects their population density and economic development.""","Answer: No
#New Instruction#: “Add 3 examples of countries with a total area of less than 500,000 km2.”###","“Add 3 examples of countries with a total area of less than 500,000 km2.”"
15,Meta-Llama-3-70B-Instruct,Organize the given data into a tabular form.,"Input: 'Apple, Fruit, Tart
Banana, Fruit, Sweet
Strawberry, Fruit, Sweet
Salmon, Fish, Bony
Tuna, Fish, Flaky'",D,,,,
15,c4ai-command-r-plus,Organize the given data into a tabular form.,"Input: 'Apple, Fruit, Tart
Banana, Fruit, Sweet
Strawberry, Fruit, Sweet
Salmon, Fish, Bony
Tuna, Fish, Flaky'",D,"For the given instruction, a suitable adaptation is to keep as original version. The instruction clearly directs the task of organizing the provided data into a table, and the input data is already in a format that lends itself to this task. No additional steps or context are necessary. 

So the option is: D.",,,
15,c4ai-command-r-v01,Organize the given data into a tabular form.,"Input: 'Apple, Fruit, Tart
Banana, Fruit, Sweet
Strawberry, Fruit, Sweet
Salmon, Fish, Bony
Tuna, Fish, Flaky'",D,"For the given instruction, a suitable adaptation is to keep as the original version as it is straightforward and clear on the required action of organizing the data. The instruction already implies an order of operations that users should follow, making it relatively self-explanatory.

So, the option is D.",,,
15,gpt-3.5-turbo,Organize the given data into a tabular form.,"Input: 'Apple, Fruit, Tart
Banana, Fruit, Sweet
Strawberry, Fruit, Sweet
Salmon, Fish, Bony
Tuna, Fish, Flaky'",B,"For the given instruction, a suitable adaptation is to add a prefix task. This would involve asking the user to perform a preliminary activity before organizing the data into a tabular form. New instruction: ""Analyze the given data to identify common categories and characteristics, then organize the data into a tabular form based on your analysis."" This addition prompts the user to first categorize and understand the data before structuring it into a table, which can enhance the organization and clarity of the final output. So the option is: B.###","“Review the given data to identify categories or relationships, then organize the data into a tabular form.”",Answer: Yes,
15,gpt-4-turbo,Organize the given data into a tabular form.,"Input: 'Apple, Fruit, Tart
Banana, Fruit, Sweet
Strawberry, Fruit, Sweet
Salmon, Fish, Bony
Tuna, Fish, Flaky'",C,"For the given instruction, a suitable adaptation is to add a suffix task. This would enhance the user's understanding by asking them to analyze or summarize the data after organizing it into a table. New instruction: ""Organize the given data into a tabular form and then summarize the characteristics of the items based on their categories.""
This modification (Option C) not only covers the original request to organize the data but also extends the task by encouraging the user to engage further with the data through summarization, which can aid in deeper understanding and retention of the information.
So the option is: C.###","""Organize the given data into a tabular form. Then, analyze the data in the table to identify any trends or significant patterns.""","Answer: No
#New Instruction#: “Organize the given data into a tabular form.”###",“Organize the given data into a tabular form.”
16,c4ai-command-r-v01,Generate a creative sentence describing the color blue.,,D,,,,
16,gpt-3.5-turbo,Generate a creative sentence describing the color blue.,,D,"For the given instruction, a suitable adaptation is to keep as original version. The instruction is clear and concise, and adding any additional tasks would be unnecessary. The model is simply asked to generate a creative sentence, and this provides a well-defined scope for the task without needing further context or extension. 

So the option is: D.",,,
16,c4ai-command-r-plus,Generate a creative sentence describing the color blue.,,B,"For the given instruction, a suitable adaptation would be to add a prefix task. This prepares the user to create a mental landscape for the creative description by first imagining a scenario. 

New instruction: ""Imagine you are gazing upon a vast expanse of deep blue ocean, its vastness stretching as far as the eye can see. This serene scene is a wonderful shade of blue. Now, craft a sentence to capture the essence of this color.""

The addition of the prefix task provides a context that can inspire a more evocative description of the color, making the instruction more engaging and visually stimulating, so the option is B.","""Explore the vast palette of blues, from vibrant cerulean to deep navy, and consider the moods and images they evoke. Then, using this inspiration, craft a sentence creatively describing the color blue.""","Yes: Answer: Yes.

No: Answer: #New Instruction#: The band's origin is Chicago, Illinois, which confirms the assumption that the band members are indeed Americans. ###

Yes: Answer: The rich tapestry of blues, an ever-evolving spectrum, paints vivid images, from the serene cerulean skies to the profound depths of navy, a mystical ocean expanse. ###","The band's origin is Chicago, Illinois, which confirms the assumption that the band members are indeed Americans."
16,Meta-Llama-3-70B-Instruct,Generate a creative sentence describing the color blue.,,C,"For the given instruction, a suitable adaptation is to add a suffix task. This would encourage the user to further explore the sensory aspects of the color blue. New instruction: ""Generate a creative sentence describing the color blue and explain how this color makes you feel.""
This addition (Option C) not only prompts the user to create a vivid description but also invites them to reflect on the emotional or psychological impact of the color, fostering a deeper engagement with the task.
So the option is: C.###","“Generate a creative sentence describing the color blue. Then, reflect on the emotions or memories that this color evokes for you, and explain why you chose those specific words to describe blue.”","Answer: No
#New Instruction#: “Generate a creative sentence describing the color blue that reflects on the emotions or memories it evokes for you, explaining why you chose those specific words to describe blue.”###","“Generate a creative sentence describing the color blue that reflects on the emotions or memories it evokes for you, explaining why you chose those specific words to describe blue.”"
16,gpt-4-turbo,Generate a creative sentence describing the color blue.,,C,"For the given instruction, a suitable adaptation is to add a suffix task. This would enhance the user's engagement and creativity by extending the task to use the sentence in a poetic context. New instruction: ""Generate a creative sentence describing the color blue, and then use that sentence to compose a short poem that evokes the feeling of tranquility.""
This modification (Option C) not only fulfills the original request to generate a creative sentence but also challenges the user to apply this sentence in a broader creative context, thereby enriching the creative exercise and making it more immersive.
So the option is: C.###","""Generate a creative sentence describing the color blue. Then, explain why you chose the words in your sentence and how they effectively convey the characteristics or emotions associated with the color blue.""","Answer: No
#New Instruction#: ""Generate a creative sentence describing the color blue.""###","""Generate a creative sentence describing the color blue."""
24,c4ai-command-r-v01,Design a program that teaches students about data structures.,,D,,,,
24,gpt-4-turbo,Design a program that teaches students about data structures.,,C,"For the given instruction, a suitable adaptation is to add a suffix task. This would involve first designing the program and then evaluating its effectiveness. New instruction: ""Design a program outline that teaches students about data structures and then reflect on how the program could be adapted to cater to students with different learning styles.""
This modification (Option C) encourages the designer to consider the diverse needs of learners and adapt the program to ensure inclusivity and maximize the benefit for all students, thereby enhancing the program's effectiveness.
So the option is: C.","""Design a program outline that teaches students about data structures, including the topics that will be covered and the learning objectives for each topic.""

Explanation: The original instruction is quite broad and open-ended, which could result in a wide range of responses. By adding a suffix task that focuses on creating a program outline, the new instruction provides a more specific and structured framework. This ensures that the response includes essential elements such as topics and learning objectives, making it more focused and comprehensive.",Yes,
24,c4ai-command-r-plus,Design a program that teaches students about data structures.,,B,"The given instruction can be improved by adding a prefix task. 

Prefix Task: 
""Before designing the program, identify the key concepts and learning objectives that should be covered in a curriculum about data structures. These concepts could include data types, data storage, common data structures like arrays, linked lists, stacks, and their real-world applications. Research and decide on three essential skills students should acquire by the end of the program.""

This additional task will help the user to first identify the key components of data structures, which will then guide the design of an effective learning program. It adds a valuable planning step that could enhance the program's relevance and educational goals. 

Therefore, the best option is B.","“Outline the learning objectives and essential knowledge outcomes for the program, then design step-by-step content modules that teach students about various data structures, their characteristics, and practical applications.”","Yes: Answer: Yes.

No: Answer: #New Instruction#: Outline the basic program goals, then create a detailed curriculum with topics and learning objectives about data structures for students. ###

Yes: Answer: Yes###","Outline the basic program goals, then create a detailed curriculum with topics and learning objectives about data structures for students."
24,gpt-3.5-turbo,Design a program that teaches students about data structures.,,C,"For the given instruction, a suitable adaptation is to add a suffix task. This would enhance the original request by specifying the expected outcome or purpose of the program designed. New instruction: ""Design a program that teaches students about data structures and includes interactive exercises to reinforce learning.""
This modification (Option C) not only maintains the core task of designing a program but also adds a practical element by incorporating interactive exercises, which can improve engagement and understanding for the students using the program.
So the option is: C.###","“Design a program that teaches students about data structures. Outline the key concepts, topics, and interactive elements that should be included in the program to effectively educate students on data structures.”","Answer: No
#New Instruction#: “Design a program that teaches students about data structures. Include the key concepts, topics, and interactive elements that should be part of the program to effectively educate students on data structures.”###","“Design a program that teaches students about data structures. Include the key concepts, topics, and interactive elements that should be part of the program to effectively educate students on data structures.”"
24,Meta-Llama-3-70B-Instruct,Design a program that teaches students about data structures.,,B,"For the given instruction, a suitable adaptation is to add a prefix task. This would involve asking the user to perform a preliminary activity before designing the program. New instruction: ""Identify the key concepts and principles of data structures, then design a program that teaches students about these concepts.""
This addition helps the user by ensuring they have a clear understanding of the fundamental concepts of data structures before they begin designing the educational program, making the program more effective and educational.
So the option is: B.###","“Identify the key data structures that are essential for students to learn and assess the current understanding level of the students regarding these topics, then design a program that teaches students about these data structures.”",Answer: Yes###,
27,c4ai-command-r-v01,Identify two important considerations when building a website.,,D,,,,
27,gpt-3.5-turbo,Identify two important considerations when building a website.,,C,"For the given instruction, a suitable adaptation is to add a suffix task. This would encourage the user to apply their knowledge and provide a more comprehensive response. 

New instruction: ""Identify two important considerations when building a website and explain how addressing these considerations can contribute to the website's overall success and user experience."" 

This modification (Option C) maintains the core of the original request but adds a practical application layer. By explaining how these considerations impact the website's performance and user experience, the response becomes more comprehensive and applicable. 

So the option is: C.","Identify two important considerations when building a website and explain why each consideration is crucial for the website's success, providing specific examples of potential issues that may arise if these considerations are overlooked. ###

This new instruction maintains the core of the original prompt while adding a suffix task that emphasizes the importance of each consideration. By requiring an explanation of why each consideration is important, the task prompts the user to think critically about the potential consequences of neglecting these factors. This addition enhances the user's understanding of website development best practices and underscores the value of thoughtful planning and implementation.",Yes,
27,gpt-4-turbo,Identify two important considerations when building a website.,,C,"For the given instruction, the suitable adaptation is to add a suffix task. This extension would prompt users to apply their knowledge practically. 

New Instruction: ""Identify two important considerations when building a website and explain how they impact the user experience."" 

This modification maintains the core instruction's focus while enhancing it by seeking an explanation of the user's choices, ensuring a deeper understanding of the considerations and their implications. 

Therefore, the option is C.","""Identify two crucial factors to consider when constructing a website. Explain why they are essential, outlining the potential positive and negative impacts on the website's performance and user experience if these considerations are neglected."" 

The added suffix task encourages users to think beyond the identification of the considerations, prompting them to analyze the reasons behind the choices and foresee the consequences, thus enhancing the depth of understanding.","Yes. 

Answer: The two considerations are usability and security.

Usability ensures the website is user-friendly, easy to navigate, and aesthetically pleasing, enhancing user experience. Security is vital to protect data, prevent breaches, and ensure the safety of user information. Neglecting usability may lead to a confusing, frustrating user journey, while security breaches could expose sensitive data and deter users.",
27,Meta-Llama-3-70B-Instruct,Identify two important considerations when building a website.,,C,"For the given instruction, a suitable adaptation is to add a suffix task. This would enhance the user's understanding by providing additional context for the considerations mentioned. New instruction: ""Identify two important considerations when building a website and explain how these considerations impact user experience.""
This modification (Option C) not only requires identifying the considerations but also delves into their significance in relation to user experience, making the explanation more insightful and practical.
So the option is: C.###",“Identify two important considerations when building a website and explain why each of these considerations is crucial in the website development process.”,"Answer: No
#New Instruction#: “Identify two important considerations when building a website and explain why each of these considerations is crucial in the website development process.”###",“Identify two important considerations when building a website and explain why each of these considerations is crucial in the website development process.”
27,c4ai-command-r-plus,Identify two important considerations when building a website.,,C,"For the given instruction, a suitable adaptation is to add a suffix task. This would enhance the user's understanding by applying the considerations in a practical context. New instruction: ""Identify two important considerations when building a website and explain how these considerations impact the user experience and functionality of the site.""
This modification (Option C) not only covers the original request to identify important considerations but also extends the learning by connecting these considerations to their practical implications on the website's user experience and functionality, making the explanation more comprehensive and actionable.
So the option is: C.###",“Identify two important considerations when building a website and explain why each consideration is crucial for the success of a website.”,Answer: Yes,
30,c4ai-command-r-plus,Create a unique print advertisement for a newly launched cheeseburger.,,D,,,,
30,c4ai-command-r-v01,Create a unique print advertisement for a newly launched cheeseburger.,,B,"For the given instruction, a suitable adaptation is to add a prefix task. This would involve providing additional context or parameters to guide the creation of the print advertisement. New instruction: ""Research the target audience for the new cheeseburger and their preferences. Then, create a unique print advertisement campaign targeting this demographic.""

This addition (Option B) helps to focus the creative process by providing a specific direction and ensuring the advertisement resonates with the intended audience, thereby increasing its potential effectiveness.

So the option is: B.","""Brainstorm a list of qualities or features that make this cheeseburger unique and appealing to customers. Based on the qualities identified, create a print advertisement that visually showcases these unique attributes in a creative and engaging manner.""","No
#New Instruction#: ""Create a unique print advertisement for a newly launched cheeseburger. Brainstorm a list of qualities or features that make this cheeseburger stand out from others on the market and appeal to customers. Based on the qualities identified, design a visually appealing advertisement that showcases these unique attributes in a creative and engaging manner.""###","""Create a unique print advertisement for a newly launched cheeseburger. Brainstorm a list of qualities or features that make this cheeseburger stand out from others on the market and appeal to customers. Based on the qualities identified, design a visually appealing advertisement that showcases these unique attributes in a creative and engaging manner."""
30,Meta-Llama-3-70B-Instruct,Create a unique print advertisement for a newly launched cheeseburger.,,B,"For the given instruction about creating a print advertisement, the suitable adaptation is to add a prefix task. This directs the user to focus on a specific aspect before creating the advertisement. 

New instruction: ""Think about the target audience for this new cheeseburger. It's a healthy, sustainable product, high in protein and low in calories. The meat is sourced ethically and locally. With this target market in mind, create a unique print advertisement for the product launch, highlighting its features."" 

This addition (option B) helps to frame the creative process, giving a clear direction and purpose for the advertisement, making the task more focused and engaging.","""Determine the demographic and psychographic target audience for the new cheeseburger and identify its unique taste or health benefits to help form a concept for a captivating print advertisement."" ###.","No
#New Instruction#: The fourth full-length studio album of a band from Chicago, Countdown to Nowhere, was released after a long break. The information suggests the band's origin and justifies the conclusion about the band members being American. To answer the question, one needs to know the band's origin country.

Answer: No, the new instruction does not contain all the necessary information.###

Yes. Answer: The new instruction sufficiently mentions the traits associated with the nave, supporting the hypothesis about its size. 

Yes. The premise describes the nave's impressive size, confirming the hypothesis. 

No. The new instruction focuses on the product's potential unique selling points but doesn't mention any demographic or psychographic details. The original instruction is needed to deduce the target audience and develop the advertisement concept further.

Answer: No, the current instruction lacks the necessary details for creating a print ad.###","The fourth full-length studio album of a band from Chicago, Countdown to Nowhere, was released after a long break. The information suggests the band's origin and justifies the conclusion about the band members being American. To answer the question, one needs to know the band's origin country.

Answer: No, the new instruction does not contain all the necessary information."
30,gpt-4-turbo,Create a unique print advertisement for a newly launched cheeseburger.,,C,"For the given instruction, a suitable adaptation is to add a suffix task. This would enhance the user's creativity and critical thinking skills by incorporating an additional element to consider in their advertisement creation. New instruction: ""Create a unique print advertisement for a newly launched cheeseburger and explain the target audience you are aiming to reach with this advertisement.""
This modification (Option C) not only prompts the user to design the advertisement but also encourages them to think about the specific demographic or group they want to attract with their promotional material, adding depth and purpose to their creative work.
So the option is: C.###","“Create a unique print advertisement for a newly launched cheeseburger. Then, analyze how well the advertisement conveys the product's key features and appeals to the target audience.”","Answer: No
#New Instruction#: “Create a unique print advertisement for a newly launched cheeseburger that highlights its key features and appeals to the target audience.###”",“Create a unique print advertisement for a newly launched cheeseburger that highlights its key features and appeals to the target audience.
30,gpt-3.5-turbo,Create a unique print advertisement for a newly launched cheeseburger.,,B,"For the given instruction, a suitable adaptation is to add a prefix task. This would involve asking the user to perform a preliminary activity before creating the advertisement. New instruction: ""Research current trends in food advertising and the target audience preferences, then create a unique print advertisement for a newly launched cheeseburger.""
This addition prepares the user by providing them with relevant market insights and trends, which can be crucial for designing an effective and appealing advertisement.
So the option is: B.###","“Identify the unique selling points of the newly launched cheeseburger and the target audience, then create a unique print advertisement based on these insights.”","Answer: No
#New Instruction#: “Create a unique print advertisement for a newly launched cheeseburger, highlighting its unique selling points and identifying the target audience.”###","“Create a unique print advertisement for a newly launched cheeseburger, highlighting its unique selling points and identifying the target audience.”"
37,Meta-Llama-3-70B-Instruct,What was the turning point in the American Civil War?,,D,,,,
37,gpt-4-turbo,What was the turning point in the American Civil War?,,C,"For the given instruction, a suitable adaptation is to add a suffix task. This would involve asking the user to apply their knowledge of the turning point by predicting its potential long-term impact. 

New instruction: ""What was the turning point in the American Civil War? Explain the events leading up to this turning point and then discuss the potential long-term consequences had history taken a different course at this pivotal moment."" 

This modification (Option C) not only addresses the original request to identify the turning point but also extends the critical thinking by exploring counterfactual history and the significance of this event, making the response more analytical and thought-provoking. 

So the option is: C.","The original instruction seeks to identify a pivotal moment in the American Civil War. By adding a suffix task, we can enhance the depth of analysis and encourage exploration of the broader implications of this turning point. A possible suffix task could be to examine the specific events that followed the turning point and their impact on the ultimate outcome of the war. This approach provides a more comprehensive understanding of the turning point's significance and its role in shaping American history. 

""What was the turning point in the American Civil War? Explain the specific events and consequences that followed the turning point, and discuss their impact on the ultimate outcome of the war.""","No
#New Instruction#: “The original instruction asks a question about a turning point in the American Civil War. To enhance the depth of analysis and encourage exploration of broader implications, add a suffix task that examines the specific events and their impact on the war's outcome. 

What was the turning point in the American Civil War? As a suffix task, explain the specific events and consequences that followed, and discuss their impact on the ultimate outcome of the war."" ###","“The original instruction asks a question about a turning point in the American Civil War. To enhance the depth of analysis and encourage exploration of broader implications, add a suffix task that examines the specific events and their impact on the war's outcome. 

What was the turning point in the American Civil War? As a suffix task, explain the specific events and consequences that followed, and discuss their impact on the ultimate outcome of the war."""
37,c4ai-command-r-plus,What was the turning point in the American Civil War?,,C,"For the given instruction about the American Civil War, the suitable adaptation is to add a suffix task. This would involve answering the question first and then taking it further by exploring the consequences and impact of the turning point on the course of the war or historical events that followed. 

New Instruction: ""Identify the turning point of the American Civil War and explain how this event impacted the outcome or changed the trajectory of the war efforts."" 

This addition not only tests the user's knowledge of historical facts but also encourages an analysis of the larger implications, making the task more insightful and engaging. 

Therefore, the option is C.","'What was the turning point in the American Civil War? Consider its impact and explain how the war might have unfolded differently without this turning point.' 

The additional task focuses on the 'what if' scenario, encouraging users to analyze the potential alternate outcomes, enhancing the understanding of the war's course and its key events.","Yes. 

No. Answer: The new instruction lacks the crucial detail about the band's origin, which is essential for answering the question. 

#New Instruction#: Countdown to Nowhere is the fourth studio album released by Allister, a band formed in Chicago, Illinois. The information confirms the band's American origins. While the album's release dates are known, its connection to the band members' nationalities is tenuous, and the question cannot be answered affirmatively without additional information. 

No. Answer: The new instruction sufficiently covers the main points and context of the original. It frames the question clearly and provides a useful additional task for analysis.","Countdown to Nowhere is the fourth studio album released by Allister, a band formed in Chicago, Illinois. The information confirms the band's American origins. While the album's release dates are known, its connection to the band members' nationalities is tenuous, and the question cannot be answered affirmatively without additional information. 

No. Answer: The new instruction sufficiently covers the main points and context of the original. It frames the question clearly and provides a useful additional task for analysis."
37,c4ai-command-r-v01,What was the turning point in the American Civil War?,,C,"For the given instruction, a suitable adaptation is to add a suffix task. This would enhance the user's understanding by providing additional context or implications related to the turning point in the American Civil War. New instruction: ""Identify and explain what was the turning point in the American Civil War, and discuss its long-term impact on the outcome of the war or the nation."" This modification (Option C) extends the original question by prompting the user to delve deeper into the consequences or significance of the identified turning point, fostering a more comprehensive understanding of the historical event. So the option is: C.###",“What was the turning point in the American Civil War? Analyze the impact of this turning point on the outcome of the war.”,"Answer: No
#New Instruction#: ""What was the turning point in the American Civil War and how did it impact the outcome of the war?""###","""What was the turning point in the American Civil War and how did it impact the outcome of the war?"""
37,gpt-3.5-turbo,What was the turning point in the American Civil War?,,D,"For the given instruction, a suitable adaptation is to keep as original version. The instruction is already clear and specific, asking for a historical analysis of a significant event in the American Civil War. It is straightforward and focuses directly on a key aspect of the war, which is essential for understanding its overall history and outcome. Adding additional tasks or decomposing it might dilute the focus or complicate the simplicity and directness of the question.

So the option is: D.###",,,
45,gpt-4-turbo,Write two sentences showing how to use a thesaurus.,,D,,,,
45,c4ai-command-r-v01,Write two sentences showing how to use a thesaurus.,,A,"For the given instruction, a suitable adaptation is to decompose it into two tasks. The first task can be to explain what a thesaurus is and how it can be used. The second task can then be to provide two examples of using a thesaurus to replace words in a sentence with synonyms. 

New instruction: ""First, explain what a thesaurus is and how it can be used. Then, provide two examples of sentences where a thesaurus is used to replace words with synonyms, demonstrating its practical application."" 

This modification (Option A) provides a clearer understanding of the purpose and usage of a thesaurus before jumping into the examples, making the explanation more comprehensive and educational. 

So the option is: A.","“First, explain what a thesaurus is and how it assists with writing. Then, provide two illustrative sentences demonstrating how one might use a thesaurus to enhance their writing.""","No
#New Instruction#: “First, explain what a thesaurus is and how it can be used as a writing tool. Then, provide two example sentences that demonstrate how a thesaurus can be used to improve writing by offering alternative words or phrases with similar meanings.”###","“First, explain what a thesaurus is and how it can be used as a writing tool. Then, provide two example sentences that demonstrate how a thesaurus can be used to improve writing by offering alternative words or phrases with similar meanings.”"
45,gpt-3.5-turbo,Write two sentences showing how to use a thesaurus.,,B,"The suitable adaptation for the instruction is to add a prefix task. Beginning with a preliminary task will better guide users on the purpose and application of the thesaurus, especially for those who may be less familiar with this resource. 

New Instruction: ""First, write a short passage using several synonyms for the word 'good'. Then, illustrate how a thesaurus can be used to find these alternatives by providing two sentences with the appropriate guidance."" 

This addition not only emphasizes the utility of the thesaurus but also provides context for its practical use, making the instruction more engaging and educational. 

Therefore, the option is B.","""Explain the purpose of using a thesaurus and its benefits in writing, then write two sentences demonstrating its practical use for finding appropriate synonyms.""","Yes.

No.
#New Instruction#: “Countdown to Nowhere is the fourth studio album released by Allister, a pop-punk band from Chicago, Illinois. The album's release marked the band's comeback after a three-year break, and it hit the shelves in Japan on June 16, 2010, and in the United States on October 5, 2010. #OriginCountry: US#”

No: 
#New Instruction#: “A thesaurus is a valuable tool for writers, offering a plethora of synonyms and enhancing vocabulary in formal writing. For instance, one might refer to a thesaurus to elaborate, replacing the mundane 'walk' with the more evocative 'amble' or 'stroll', thereby enriching the text's nuance and interest.”

Yes: 
#New Instruction#: “Using a thesaurus can help avoid repetitive word usage, adding variety and sophistication to your writing. For example, the simple word 'happy' can be switched for the more robust 'joyful', 'ecstatic', or 'delighted' to capture a fuller range of emotions.”###","“Countdown to Nowhere is the fourth studio album released by Allister, a pop-punk band from Chicago, Illinois. The album's release marked the band's comeback after a three-year break, and it hit the shelves in Japan on June 16, 2010, and in the United States on October 5, 2010. #OriginCountry: US#”

No: 
#New Instruction#: “A thesaurus is a valuable tool for writers, offering a plethora of synonyms and enhancing vocabulary in formal writing. For instance, one might refer to a thesaurus to elaborate, replacing the mundane 'walk' with the more evocative 'amble' or 'stroll', thereby enriching the text's nuance and interest.”

Yes: 
#New Instruction#: “Using a thesaurus can help avoid repetitive word usage, adding variety and sophistication to your writing. For example, the simple word 'happy' can be switched for the more robust 'joyful', 'ecstatic', or 'delighted' to capture a fuller range of emotions.”"
45,Meta-Llama-3-70B-Instruct,Write two sentences showing how to use a thesaurus.,,A,"For the given instruction, a suitable adaptation is to decompose it into two tasks. This would break down the task into simpler components for better understanding and execution. New instruction: ""First, write a sentence using a thesaurus to find a synonym for a word. Then, write another sentence using the thesaurus to find an antonym for a different word."" This modification (Option A) helps users practice using a thesaurus in different ways, enhancing their vocabulary skills and understanding of synonyms and antonyms. So the option is: A.###","“Explain the purpose of a thesaurus and how it can improve writing, then provide an example of using a thesaurus to find synonyms for a specific word.""","Answer: No
#New Instruction#: “Write two sentences explaining the purpose of a thesaurus and how it can improve writing. Then, provide an example of using a thesaurus to find synonyms for a specific word.”###","“Write two sentences explaining the purpose of a thesaurus and how it can improve writing. Then, provide an example of using a thesaurus to find synonyms for a specific word.”"
45,c4ai-command-r-plus,Write two sentences showing how to use a thesaurus.,,C,"For the given instruction, a suitable adaptation is to add a suffix task. This would enhance the user's understanding by applying the knowledge in a practical context. New instruction: ""Write two sentences showing how to use a thesaurus, then explain how using a thesaurus can improve your writing.""
This modification (Option C) not only covers the original request to demonstrate the use of a thesaurus but also extends the learning by explaining the benefits of using a thesaurus in writing, making the instruction more comprehensive and educational.
So the option is: C.###","“Write two sentences showing how to use a thesaurus. Then, discuss how using a thesaurus can improve your writing skills.”","Answer: No
#New Instruction#: “Write two sentences showing how to use a thesaurus.”###",“Write two sentences showing how to use a thesaurus.”
57,gpt-4-turbo,List five common types of trees.,,D,,,,
57,c4ai-command-r-plus,List five common types of trees.,,D,"For the given instruction, a suitable adaptation is to keep as original version. The instruction is clear and straightforward, and adding or changing it might make it more complex without adding significant learning value. 

So the option is: D.",,,
57,c4ai-command-r-v01,List five common types of trees.,,B,"For the given instruction, a suitable adaptation would be to add a prefix task. This addition will serve as a framework for users to build upon, helping them categorize and focus their search for relevant examples. 

New instruction: ""Think about the various types of environments you've encountered, be it urban, rural, or suburban. With these in mind, list five common types of trees found in these different environments."" 

This modification helps provide a contextual framework, making the task more engaging and directed towards specific tree species, especially for those who may not be familiar with various tree types. 

So, the option is B.","“Research and compile a list of five common types of trees, focusing on distinctive features to aid in identification.”","Yes.

No. Answer: The new instruction needs to mention the band's origin to include all necessary information.
#New Instruction#: Countdown to Nowhere is the fourth studio album from Allister, a band formed in Chicago, Illinois. The information supports the conclusion that the band members are likely Americans. ###

Yes:
1. Oak - recognizable by its sturdy, tall stature and distinctive lobed leaves, often with deep incisions.

2. Pine - characterized by its conical shape and long, needle-like leaves in clusters of two or five.

3. Maple - boasts distinctive lobed leaves with pointed tips and produces the popular sap.

4. Palm - recognizable for its large, feathery fronds and a distinctive trunk with rings.

5. Bamboo - a tall, fast-growing grass with slender culms (canes) and distinctive jointed segments. ###","Countdown to Nowhere is the fourth studio album from Allister, a band formed in Chicago, Illinois. The information supports the conclusion that the band members are likely Americans."
57,Meta-Llama-3-70B-Instruct,List five common types of trees.,,C,"For the given instruction, a suitable adaptation is to add a suffix task. This would involve expanding the original task to include a practical application or comparison. New instruction: ""List five common types of trees and explain the unique characteristics of each type that make them suitable for different environments.""
This modification (Option C) not only fulfills the initial request to list tree types but also encourages the user to deepen their knowledge by understanding the specific traits that enable these trees to thrive in various conditions, fostering a more comprehensive understanding of tree diversity and adaptation.
So the option is: C.###",“List five common types of trees and categorize them based on their geographical distribution. Explain why these trees are commonly found in their respective regions.”,"Answer: No
#New Instruction#: “List five common types of trees and categorize them based on their geographical distribution. Explain why these trees are commonly found in their respective regions.”###",“List five common types of trees and categorize them based on their geographical distribution. Explain why these trees are commonly found in their respective regions.”
57,gpt-3.5-turbo,List five common types of trees.,,C,"For the given instruction, a suitable adaptation is to add a suffix task. This would involve asking the user to perform an additional activity after listing the trees. New instruction: ""List five common types of trees and describe one unique characteristic of each tree.""
This addition (Option C) enriches the task by not only having the user list common trees but also by encouraging them to delve deeper into understanding unique aspects of each tree, making the task more educational and engaging.
So the option is: C.###","""List five common types of trees. Then, describe the typical environment or common uses for each type of tree listed.""","Answer: No
#New Instruction#: “List five common types of trees.”###",“List five common types of trees.”
66,c4ai-command-r-plus,Budget $200 for a family dinner.,,D,assistant,,,
66,Meta-Llama-3-70B-Instruct,Budget $200 for a family dinner.,,B,"For the given instruction, a suitable adaptation is to add a prefix task. This could involve providing a list of possible meal options with prices, or a list of family members with their dietary restrictions, before allocating the budget. New instruction: ""You are in charge of planning and budgeting for an upcoming family dinner. First, list the menu options and the number of attendees with their dietary restrictions, and then allocate the $200 budget efficiently to cover the expenses for the meal.""
This addition provides necessary context and constraints, allowing for a more detailed plan and budget allocation. It also enables a more interactive and thoughtful approach to the task.
So the option is: B.","""List the items you plan to purchase for the family dinner, considering the necessary ingredients and beverages, and then budget $200 accordingly.""","No
#New Instruction#: ""List the items you plan to purchase for the family dinner, considering necessary ingredients and beverages, and then budget $200 accordingly."" ###","""List the items you plan to purchase for the family dinner, considering necessary ingredients and beverages, and then budget $200 accordingly."""
66,gpt-4-turbo,Budget $200 for a family dinner.,,B,"For the given instruction, the suitable adaptation is to add a prefix task. This helps to specify the scenario and adds a personal touch to the budget allocation. 

New instruction: ""Imagine you're planning a special family dinner to celebrate a significant event. Before setting out to shop for the meal, budget $200 for this special occasion and decide on a menu that would best utilize the funds while creating a memorable meal.""

This addition (Option B) helps to set a scene and provides a clear objective, making the budgeting task more engaging and meaningful.","“Plan the guest list and menu for a family dinner, keeping in mind the potential costs, and then budget $200 for the meal, ensuring you have a balanced and enjoyable dinner.”","Yes. 

Answer: Yes.###",
66,gpt-3.5-turbo,Budget $200 for a family dinner.,,C,"For the given instruction, a suitable adaptation is to add a suffix task. This would provide additional context or constraints to the original task. New instruction: ""Budget $200 for a family dinner and plan a menu that includes at least three courses within this budget.""
This modification (Option C) extends the original task by specifying the requirement to plan a menu with certain constraints, making the budgeting exercise more practical and challenging.
So the option is: C.###","“Budget $200 for a family dinner. Create a menu for the dinner within the allocated budget, including appetizers, main course, side dishes, and dessert.”","Answer: No
#New Instruction#: “Budget $200 for a family dinner. Create a menu for the dinner within the allocated budget, including appetizers, main course, side dishes, and dessert.”###","“Budget $200 for a family dinner. Create a menu for the dinner within the allocated budget, including appetizers, main course, side dishes, and dessert.”"
66,c4ai-command-r-v01,Budget $200 for a family dinner.,,C,"For the given instruction, a suitable adaptation is to add a suffix task. This would involve asking the user to perform an additional activity after budgeting for the family dinner. New instruction: ""Budget $200 for a family dinner, and then plan a menu that fits within this budget.""
This addition (Option C) helps the user not only to set a budget but also to apply it practically by planning a menu, which ensures that the budgeting is realistic and adheres to the financial constraints set.
So the option is: C.###","""Budget $200 for a family dinner. Then, outline how you would allocate this budget across different categories such as food, drinks, and decorations.""",Answer: Yes,
70,Meta-Llama-3-70B-Instruct,Reshape the following sentences into one complex sentence using a conjuction.,Input: 'He was born in Chicago. He is an engineer.',D,,,,
70,gpt-4-turbo,Reshape the following sentences into one complex sentence using a conjuction.,Input: 'He was born in Chicago. He is an engineer.',D,"For the given instruction, a suitable adaptation is to keep as original version. The instruction clearly directs the task of combining the two sentences using a conjunction, and adding or changing the instruction may complicate the task unnecessarily.
So the option is: D.",,,
70,gpt-3.5-turbo,Reshape the following sentences into one complex sentence using a conjuction.,Input: 'He was born in Chicago. He is an engineer.',A,"For the given instruction, the suitable adaptation is to add a suffix task. Users can first reshape the simple sentences into one complex sentence using a conjunction and then be asked to do a follow-up activity to further engage with the concept.

New Instruction: ""Reshape the two sentences into a complex sentence using a conjunction and then write a short paragraph exploring the idea of contrasting backgrounds, using the new complex sentence as the topic sentence.""

Option: A.","""Identify the essential information from the sentences and understand their logical connection. Then, using a conjunction, create a complex sentence that conveys the same meaning.""","No
#New Instruction#: “Two sentences claim that Allister, a pop punk band, released the fourth full-length studio album Countdown to Nowhere on June 16, 2010, in Japan and October 5, 2010, in the U.S. Reshape these into one complex sentence while maintaining the logical connection.”###
","“Two sentences claim that Allister, a pop punk band, released the fourth full-length studio album Countdown to Nowhere on June 16, 2010, in Japan and October 5, 2010, in the U.S. Reshape these into one complex sentence while maintaining the logical connection.”"
70,c4ai-command-r-plus,Reshape the following sentences into one complex sentence using a conjuction.,Input: 'He was born in Chicago. He is an engineer.',A,"For the given instruction, a suitable adaptation is to decompose it into two tasks. This would involve breaking down the task of reshaping the sentences into a complex sentence using a conjunction into two separate steps: first, combining the two sentences into a single sentence, and second, transforming it into a complex sentence using a conjunction. 

New instruction: ""Combine the following sentences 'He was born in Chicago. He is an engineer.' into one sentence. Then, reshape the combined sentence into a complex sentence using a conjunction.""

This modification (Option A) helps users to first focus on merging the sentences before moving on to the more advanced task of creating a complex sentence with a conjunction, ensuring a step-by-step approach to the task. 

So the option is: A.###",“Combine the following sentences into one complex sentence using a conjunction. Ensure that the conjunction effectively connects the ideas in the original sentences to form a coherent and cohesive complex sentence.”,Answer: Yes,
70,c4ai-command-r-v01,Reshape the following sentences into one complex sentence using a conjuction.,Input: 'He was born in Chicago. He is an engineer.',D,"For the given instruction, a suitable adaptation is to keep as original version. The instruction is clear and directly asks to perform a specific task of combining sentences using a conjunction. It is straightforward and does not require additional tasks to enhance understanding or application.
So the option is: D.###",,,
77,Meta-Llama-3-70B-Instruct,Generate a joke involving a pair of scientists.,,D,,,,
77,gpt-4-turbo,Generate a joke involving a pair of scientists.,,C,"For the given instruction, a suitable adaptation is to add a suffix task. This would involve creating a joke with a punchline related to the scientific community, and then explaining what makes it funny to ensure the joke lands well and is understandable to a broad audience. 

New instruction: ""Generate a joke involving a pair of scientists, and then explain the humor behind the joke to ensure it is accessible and effective for a wide audience."" 

This modification (Option C) maintains the core task of generating a joke while adding a practical consideration - ensuring the joke is understandable and funny to a diverse audience. It provides a guideline to create a successful joke and helps to refine the joke-telling skill by reflecting on the craft. 

So the option is: C.","""Premise: ""A tour group is standing on the grass with ruins in the background."" Based on this premise, can we conclude that the hypothesis ""Some women are posing for a picture."" is true? Explain your answer and provide evidence from the premise to support your conclusion.""

This new instruction maintains the original structure but adds a suffix task that requires an explanation and supporting evidence for the conclusion. This addition encourages critical thinking and a deeper analysis of the premise, enhancing the overall reasoning skills of the task.

#New Instruction#: ""How did Julius Caesar die, and what were the short-term and long-term political consequences of his death on the Roman Republic and the rise of the Roman Empire?""

By adding the suffix task, the instruction now prompts a deeper exploration of the impact of Caesar's death on the political landscape, both immediately and in the long term. This encourages a more comprehensive understanding of this significant historical event and its far-reaching implications.

#New Instruction#: ""Generate three verbs that convey the meaning of 'to apologize' in different contexts or scenarios. Provide an example sentence for each verb, showcasing its usage in a specific context.""

The suffix task here enhances the original instruction by providing context and practical examples for the generated verbs. This not only aids in understanding the synonyms but also showcases their applicability in different scenarios, making the task more engaging and educational.

#New Instruction#: ""Generate a joke involving a pair of scientists. Explain the joke in a way that a 5-year-old would understand.""

Adding the suffix task of explaining the joke ensures that it is accessible to a younger audience and promotes clarity and comprehension. It challenges the creativity and adaptability of the joke-teller, making the task more interactive and inclusive.",Yes,
77,gpt-3.5-turbo,Generate a joke involving a pair of scientists.,,C,"For the given instruction, a suitable adaptation is to add a suffix task. The addition of a follow-up activity will encourage users to create a joke with a scientific element, enhancing the fun and educational aspect.

New instruction: ""Generate a joke involving a pair of scientists. Then, explain the science behind the joke for those who might not get it.""

Option: C.","Generate a joke involving a pair of scientists and explain the joke. 

The joke: ""Did you hear about the two scientists who were discussing the meaning of life? One proposed a complex theory, but the other couldn't understand a word he said. After a long pause, the second scientist said, 'Why don't you just say you're wrong and save us both the trouble?'"". 

The joke explains the communication barrier between two scientists who likely speak the same language but use different jargon, a lighthearted issue many professionals can relate to. This joke also highlights the common occurrence of miscommunication and the humorous idea that sometimes the simplest solution is best.","Yes. 

Answer: No.

No.

Answer: Yes.###

Yes.

Answer: Here's a new joke that follows the original instruction: 

Two scientists were working on a groundbreaking experiment. One turned to the other and said, ""You know, this reminds me of a story. A light bulb moments kind of thing."" 

The other, deep in thought, nodded and smiled, recognizing the reference. 

""So, what's the punchline?"" the first scientist teased. 

""Oh, it's not that kind of experiment,"" the other replied with a wink. 

They shared a laugh, knowing that their work, though serious, could still have a touch of humor.###","Yes. 

Answer: No.

No.

Answer: Yes."
77,c4ai-command-r-plus,Generate a joke involving a pair of scientists.,,C,"For the given instruction, a suitable adaptation is to add a suffix task. This would involve asking the user to extend the joke by providing a punchline or a humorous twist. New instruction: ""Generate a joke involving a pair of scientists and add a punchline that highlights their quirky behavior.""
This addition encourages creativity and humor by prompting the user to not only create the initial setup of the joke but also to deliver a funny conclusion, making the joke more engaging and complete.
So the option is: C.###","“Generate a joke involving a pair of scientists. Then, specify whether this joke would be more suitable for a scientific conference or a casual gathering with friends, and explain why.”","Answer: No
#New Instruction#: “Generate a joke involving a pair of scientists. 
###",“Generate a joke involving a pair of scientists.
77,c4ai-command-r-v01,Generate a joke involving a pair of scientists.,,D,"For the given instruction, a suitable adaptation is to keep as original version. The instruction is straightforward and specific, asking for the creation of a joke involving a specific subject, which is a pair of scientists. It is clear and concise, providing enough direction without needing further breakdown or additional tasks.
So the option is: D.###",,,
81,gpt-4-turbo,Create an algorithm that draws a circle in 3D space.,,D,,,,
81,c4ai-command-r-plus,Create an algorithm that draws a circle in 3D space.,,B,"For the given instruction, a suitable adaptation is to add a prefix task. This would involve first explaining the fundamental concepts and steps involved in creating algorithms, especially for drawing shapes in a 3D space. This additional context will provide a foundation for understanding the process before attempting to create the algorithm. 

New instruction: ""Explain the process of creating an algorithm for drawing basic shapes in 3D space, and then provide the steps for creating an algorithm to draw a circle in 3D."" 

This modification (Option B) ensures that the user has a grasp of the underlying concepts and a systematic approach to the task before attempting to create the algorithm. It provides a more educational and comprehensive framework for understanding the process of algorithmic creation. 

So the option is: B.","""Understand the concept of 3D space and the mathematical equations required to represent a circle in 3D. Then, create an algorithm that draws a circle in 3D space.""",Yes,
81,Meta-Llama-3-70B-Instruct,Create an algorithm that draws a circle in 3D space.,,B,"The best option for the given instruction is to add a prefix task. 

New Instruction: 
""Before attempting to create an algorithm for drawing a circle in 3D space, research and present the fundamental principles and challenges of achieving this in a computer graphics or coding environment. Then, describe your proposed algorithm, considering the initial position, rotation, and movement of the circle in 3D space.""

The addition of the prefix task provides a conceptual framework and an understanding of the complexities involved in drawing a 3D circle, which would help the subsequent algorithm design. This makes the instruction more structured and suited to a step-by-step approach. 

Therefore, the option is B.","""Break down the task of creating a 3D circle-drawing algorithm into steps. Start by defining the parameters and variables, such as the coordinates and dimensions, then formulate the step-by-step logic for plotting points in 3D space to form a circle.""","Yes. 

Answer: No.

No.

Yes.###

Yes.","Yes. 

Answer: No.

No.

Yes."
81,gpt-3.5-turbo,Create an algorithm that draws a circle in 3D space.,,C,"For the given instruction, a suitable adaptation is to add a suffix task. This would enhance the original task by adding a further requirement or challenge. New instruction: ""Create an algorithm that draws a circle in 3D space and then modify the algorithm to animate the circle rotating around a specified axis.""
This modification (Option C) builds upon the initial task of creating the algorithm by introducing an additional step that involves animation, which can deepen the user's understanding of 3D space and algorithmic design.
So the option is: C.###",“Create an algorithm that draws a circle in 3D space. Implement the algorithm in a programming language of your choice and test it with various parameters to observe how the circle is rendered in different scenarios.”,"Answer: No
#New Instruction#: “Create an algorithm that draws a circle in 3D space.###”",“Create an algorithm that draws a circle in 3D space.
81,c4ai-command-r-v01,Create an algorithm that draws a circle in 3D space.,,C,"For the given instruction, a suitable adaptation is to add a suffix task. This would involve asking the user to perform an additional activity after creating the algorithm. New instruction: ""Create an algorithm that draws a circle in 3D space and then explain how the algorithm can be modified to draw an ellipse.""
This addition (Option C) not only covers the original request to create an algorithm for drawing a circle but also extends the learning by challenging the user to adapt the algorithm for a related but more complex shape, enhancing their understanding of geometric transformations in 3D space.
So the option is: C.###","""Create an algorithm that draws a circle in 3D space. After creating the algorithm, provide a sample output or a demonstration of the algorithm in action to verify its functionality.""",Answer: Yes,
82,c4ai-command-r-plus,Determine the number of weeks in a year.,,D,,,,
82,c4ai-command-r-v01,Determine the number of weeks in a year.,,D,"For the given instruction, a suitable adaptation is to keep as original version. The instruction is clear and direct, and adding or changing it might make it unnecessarily complex. It is a simple task that can be easily understood and executed without any additional information or context. 

So the option is: D.",,,
82,gpt-3.5-turbo,Determine the number of weeks in a year.,,D,"The given instruction is clear and concise, and users can answer it straightforwardly. There's no need to add any prefix or suffix tasks, and decomposing it might make the instruction overly complicated. The focus is on a simple mathematical calculation, so the original version is sufficient.

So the option is: D. Keep as the original version.",,,
82,Meta-Llama-3-70B-Instruct,Determine the number of weeks in a year.,,C,"For the given instruction, a suitable adaptation is to add a suffix task. This would extend the user's understanding by applying the knowledge in a practical context. New instruction: ""Determine the number of weeks in a year and calculate the average number of weeks in a month.""
This modification (Option C) not only answers the original question but also prompts the user to further explore the concept by calculating the average number of weeks in a month, providing a broader perspective on time measurements.
So the option is: C.###","“Determine the number of weeks in a year. Then, provide an example of how knowing the number of weeks in a year can be useful in planning or scheduling activities.”","Answer: No
#New Instruction#: “Determine the number of weeks in a year. Then, provide an example of how knowing the number of weeks in a year can be useful in planning or scheduling activities.”###","“Determine the number of weeks in a year. Then, provide an example of how knowing the number of weeks in a year can be useful in planning or scheduling activities.”"
82,gpt-4-turbo,Determine the number of weeks in a year.,,D,"For the given instruction, a suitable adaptation is to keep as original version. The instruction is straightforward and requires a simple calculation or recall of factual information. It is clear and concise, providing all necessary details to answer the question without needing additional context or tasks.
So the option is: D.###",,,
87,gpt-4-turbo,Provide a statistical analysis of this dataset.,"Input: 'Col A |  Col B
4 |  10 
7 |  5
6 |  8'",D,,,,
87,c4ai-command-r-plus,Provide a statistical analysis of this dataset.,"Input: 'Col A |  Col B
4 |  10 
7 |  5
6 |  8'",B,"For the given instruction, a suitable adaptation is to add a prefix task. This would involve first asking the user to perform some preliminary analysis of the data before providing a statistical analysis. 

New instruction: ""First, calculate the mean and standard deviation for each column of data. Then, provide a statistical analysis of the dataset, including any observations or inferences that can be made from the calculated values.""

This modification adds a preliminary step that ensures the user engages with the data and understands basic measures of central tendency and variability before performing a more comprehensive statistical analysis. 

So the option is: B.","""Examine the dataset and identify the variables that can be analyzed statistically. Then, provide a statistical analysis of the dataset, including measures of central tendency and variability, as well as any other relevant insights or patterns you discover.""",Yes,
87,Meta-Llama-3-70B-Instruct,Provide a statistical analysis of this dataset.,"Input: 'Col A |  Col B
4 |  10 
7 |  5
6 |  8'",B,"For the given instruction, a suitable adaptation is to add a prefix task. This could help set a context and make the analysis more meaningful and focused. 

New instruction: ""Define the purpose and context of this dataset, then provide a statistical analysis of the data."" 

This addition (Option B) helps to establish a framework for understanding the data, making the analysis more purposeful and potentially more insightful. 

Therefore, the option is B.","“Determine the objectives of the statistical analysis, considering the type of dataset and the insights you aim to extract. Prepare the data and select appropriate methods and tools required for the analysis.”","No
#New Instruction#: ""The dataset consists of survey responses from 1000 participants on their preferences and satisfaction levels for a new smartphone model. The goal is to understand customer satisfaction and preferences to gauge overall market reception. Your task is to provide a summary statistic analysis, focusing on the following: 

- Demographic insights: Age and gender distribution, with possible correlations to preferences and satisfaction levels. 

- Overall satisfaction rating and the most and least satisfactory features, with their respective percentages. 

- Mean and median ratings for each feature, and the standard deviation to understand the variability in responses. 

- Any outliers or patterns observed in the data that might influence future marketing strategies. 

Please provide a concise report with these key statistics, visualizing them whenever possible.""###","""The dataset consists of survey responses from 1000 participants on their preferences and satisfaction levels for a new smartphone model. The goal is to understand customer satisfaction and preferences to gauge overall market reception. Your task is to provide a summary statistic analysis, focusing on the following: 

- Demographic insights: Age and gender distribution, with possible correlations to preferences and satisfaction levels. 

- Overall satisfaction rating and the most and least satisfactory features, with their respective percentages. 

- Mean and median ratings for each feature, and the standard deviation to understand the variability in responses. 

- Any outliers or patterns observed in the data that might influence future marketing strategies. 

Please provide a concise report with these key statistics, visualizing them whenever possible."""
87,gpt-3.5-turbo,Provide a statistical analysis of this dataset.,"Input: 'Col A |  Col B
4 |  10 
7 |  5
6 |  8'",C,"For the given instruction, a suitable adaptation is to add a suffix task. This would involve specifying the type of statistical analysis required for the dataset. New instruction: ""Provide a statistical analysis of this dataset, including measures such as mean, median, and standard deviation for each column.""
This modification (Option C) adds clarity to the task by indicating the specific type of statistical analysis expected, guiding the user on the depth and scope of the analysis to be conducted.
So the option is: C.###","“Provide a statistical analysis of this dataset focusing on the distribution of values in the 'Age' column. Calculate the mean, median, mode, and standard deviation of the age values in the dataset.”","Answer: No
#New Instruction#: “Provide a statistical analysis of this dataset focusing on the distribution of values in the 'Age' column. Calculate the mean, median, mode, and standard deviation of the age values in the dataset.”###","“Provide a statistical analysis of this dataset focusing on the distribution of values in the 'Age' column. Calculate the mean, median, mode, and standard deviation of the age values in the dataset.”"
87,c4ai-command-r-v01,Provide a statistical analysis of this dataset.,"Input: 'Col A |  Col B
4 |  10 
7 |  5
6 |  8'",B,"For the given instruction, a suitable adaptation is to add a prefix task. This would involve asking the user to first clarify the type of statistical analysis required or the specific questions to be answered using the dataset before performing the analysis. New instruction: ""Identify the key questions or objectives for the analysis of this dataset, then provide a statistical analysis based on these objectives.""
This addition helps to focus the analysis, ensuring that it is tailored to specific needs or questions, which can make the statistical analysis more relevant and insightful.

So the option is: B.###","“Examine the dataset to understand its structure and the types of data it contains, then provide a statistical analysis using appropriate methods.”",Answer: Yes###,
88,c4ai-command-r-plus,Describe a trait that a successful programmer should possess.,,D,,,,
88,gpt-4-turbo,Describe a trait that a successful programmer should possess.,,C,"For the given instruction, a suitable adaptation is to add a suffix task. This would involve asking the user to provide additional context or explain the significance of the trait they describe. 

New instruction: ""Describe a trait that a successful programmer should possess, and explain how this trait can impact their programming abilities and overall success in the field."" 

This modification (Option C) maintains the core of the original instruction while adding a layer of critical thinking and analysis, encouraging the user to delve into the 'why' behind the chosen trait and its potential effects on a programmer's performance and career. 

So, the option is: C.","""Describe a trait that a successful programmer should possess. Explain how this trait contributes to their success in programming and provide examples of how it might be demonstrated in practice.""",Yes,
88,c4ai-command-r-v01,Describe a trait that a successful programmer should possess.,,B,"For the given instruction, the best adaptation is to add a prefix task. 

New instruction: 
""Before describing a vital trait for a successful programmer, research and present a real-life example of a renowned programmer or a story of how a specific trait contributed to someone's success in the field. Then, describe the trait that enabled their success, highlighting its significance."" 

This addition provides context and a deeper understanding of the trait's importance, making the response more meaningful and engaging. 

Therefore, the option is B.","“Contemplate the skills and qualities that make a programmer successful. With this understanding, describe a crucial trait that you believe a successful programmer should possess.”","Yes. 

Answer: A successful programmer should be detail-oriented, with a meticulous approach to coding and problem-solving, ensuring their work is accurate and efficient.",
88,Meta-Llama-3-70B-Instruct,Describe a trait that a successful programmer should possess.,,C,"For the given instruction, a suitable adaptation is to add a suffix task. This would deepen the user's understanding by applying the knowledge in a practical context. New instruction: ""Describe a trait that a successful programmer should possess and provide an example of how this trait can positively impact a programming project.""
This modification (Option C) not only covers the original request to describe a trait of a successful programmer but also extends the learning by linking the trait to its practical application in programming projects, making the description more insightful and engaging.
So the option is: C.###",“Describe a trait that a successful programmer should possess. Provide examples or scenarios where this trait is crucial for success in programming.”,"Answer: No
#New Instruction#: “Describe a trait that a successful programmer should possess. Provide examples or scenarios where this trait is crucial for success in programming.”###",“Describe a trait that a successful programmer should possess. Provide examples or scenarios where this trait is crucial for success in programming.”
88,gpt-3.5-turbo,Describe a trait that a successful programmer should possess.,,C,"For the given instruction, a suitable adaptation is to add a suffix task. This would enhance the depth of the response by connecting the trait to real-world applications. New instruction: ""Describe a trait that a successful programmer should possess and provide an example of how this trait can be beneficial in a programming project.""
This modification (Option C) not only asks for the description of a trait but also requires the user to illustrate how this trait can be practically beneficial, thereby making the explanation more relevant and insightful.
So the option is: C.###","“Describe a trait that a successful programmer should possess. Then, explain why this trait is crucial for success in programming.”",Answer: Yes,
93,gpt-3.5-turbo,Compose a new version of this sentence using active voice.,Input: 'The painting was completed by him.',D,assistant,,,
93,gpt-4-turbo,Compose a new version of this sentence using active voice.,Input: 'The painting was completed by him.',D,"For the given instruction, a suitable adaptation is to keep as original version. The instruction clearly directs to rewrite the provided sentence in active voice, and adding or changing the instruction might confuse the task.
So the option is: D.",,,
93,c4ai-command-r-v01,Compose a new version of this sentence using active voice.,Input: 'The painting was completed by him.',C,"For the given instruction, a suitable adaptation is to add a suffix task. Rewriting a sentence can be enhanced by asking to consider the broader context.

New Instruction: ""Rewrite the sentence using active voice, and then explain why the original sentence was likely written in passive voice.""

This not only practices rewrite but also delves into the reason behind the original voice choice, adding a layer of analysis.

So, the option is: C.","Transform the sentence into active voice and consider the context: Who is taking the action described in the sentence? What impact does the sentence's transformation have on the implied scenario? Present your reasoning for the changes made.

""The cat chased the mouse around the table.""","No
#New Instruction#: “The sentence needs to be rephrased using active voice. Who is the subject doing the chasing, and what impact does the new sentence have on the narrative's implied motion and energy?

'[New sentence]'###","“The sentence needs to be rephrased using active voice. Who is the subject doing the chasing, and what impact does the new sentence have on the narrative's implied motion and energy?

'[New sentence]'"
93,c4ai-command-r-plus,Compose a new version of this sentence using active voice.,Input: 'The painting was completed by him.',B,"For the given instruction, a suitable adaptation is to add a prefix task. This would involve asking the user to perform a preliminary activity before composing the new sentence in active voice. New instruction: ""Identify the subject and verb in the sentence 'The painting was completed by him,' and then compose a new version of this sentence using active voice.""
This addition guides the user to first analyze the structure of the given sentence before transforming it into active voice, enhancing their understanding of active voice usage.
So the option is: B.###","“Identify the subject and verb in the given sentence, then compose a new version of the sentence using active voice.”",Answer: Yes,
93,Meta-Llama-3-70B-Instruct,Compose a new version of this sentence using active voice.,Input: 'The painting was completed by him.',D,"For the given instruction, a suitable adaptation is to keep as original version. The instruction is straightforward and directly asks to convert a sentence from passive to active voice, which is a clear and specific task. Adding additional tasks or decomposing it would not enhance the clarity or effectiveness of the instruction.
So the option is: D.###",,,
98,Meta-Llama-3-70B-Instruct,Explain why an organization might use open source software,,D,,,,
98,gpt-4-turbo,Explain why an organization might use open source software,,C,"For the given instruction, a suitable adaptation is to add a suffix task. This would involve asking the user to provide a real-world example or case study of an organization that has benefited from adopting open-source software. 

New instruction: ""Explain why an organization might choose to use open-source software, and then provide a real-world example of a company that has successfully implemented such software, detailing the benefits they gained."" 

This modification (Option C) not only covers the original request for an explanation but also extends the response by requiring a practical application, which can make the explanation more tangible and insightful. 

So the option is: C.","""Premise: ""A tour group is standing on the grass with ruins in the background."" Based on this premise, can we conclude that the hypothesis ""Some women are posing for a picture."" is true? Provide a logical deduction based on the premise and justify your answer."" ###

For the second instruction, the original task is to generate three verbs with the same meaning as ""to apologize."" By adding a suffix task, we can enhance comprehension and engagement. 

#New Instruction#: ""Generate three verbs that mean the same as ""to apologize."" Then, provide an example sentence for each verb, showcasing its usage in context."" ###

Moving on to the third instruction, the original prompt asks about Julius Caesar's death. By adding a suffix task, we can explore the consequences of his death and its impact on history, especially in Rome. 

#New Instruction#: “How did Julius Caesar die, and what were the short-term and long-term consequences of his death on the course of history, particularly in Rome? Provide specific examples to illustrate your answer."" ###

Finally, for the fourth instruction, the original prompt asks for an explanation of why an organization might use open-source software. By adding a suffix task, we can explore the potential benefits and challenges of adopting open-source software. 

#New Instruction#: ""Explain why an organization might choose to use open-source software over proprietary software, and discuss the potential benefits and challenges of this decision. Provide examples of successful open-source software implementations by organizations, and explain how these choices have benefited them.""","No
#New Instruction#: “Explain why an organization might use open-source software, including the potential benefits and challenges. Provide examples of successful implementations and explain how these choices have benefited the organizations in question.” ###","“Explain why an organization might use open-source software, including the potential benefits and challenges. Provide examples of successful implementations and explain how these choices have benefited the organizations in question.”"
98,c4ai-command-r-v01,Explain why an organization might use open source software,,C,"For the given instruction, the suitable adaptation is to add a suffix task. This would help to apply the theory into a practical scenario for a better understanding of the concept. 

New instruction: ""Explain why and how an organization might benefit from using open-source software for their operations and provide an example of a real-world organization that has successfully implemented such a strategy."" 

This modification not only covers the original request but also urges the user to dive deeper into the advantages in a real-world application, making the explanation more meaningful and engaging. 

Therefore, the option is C.","Explain why an organization might opt to use open-source software and outline the potential challenges they might face when adopting such a solution. Furthermore, provide a real-world example of a popular open-source software and its benefits and drawbacks for a specific scenario.","No
#New Instruction#: “An organization may opt for open-source software as it offers several potential advantages, including cost savings on licensing fees, a vibrant and supportive community for troubleshooting and enhancements, flexibility and customization, and a more secure solution due to the public nature of the code. However, there are also challenges, such as the initial learning curve, potential compatibility issues, and the need for in-house expertise. 

For instance, consider the popular Linux operating system, which is an open-source software with a vast global community. Organizations might adopt Linux to gain greater control over their IT infrastructure, achieving customization and security. The challenges could involve ensuring compatibility with specialized hardware and the need for skilled IT personnel to manage the system. Thus, the open-source route offers both benefits and complexities. ###”
Answer: Yes###","“An organization may opt for open-source software as it offers several potential advantages, including cost savings on licensing fees, a vibrant and supportive community for troubleshooting and enhancements, flexibility and customization, and a more secure solution due to the public nature of the code. However, there are also challenges, such as the initial learning curve, potential compatibility issues, and the need for in-house expertise. 

For instance, consider the popular Linux operating system, which is an open-source software with a vast global community. Organizations might adopt Linux to gain greater control over their IT infrastructure, achieving customization and security. The challenges could involve ensuring compatibility with specialized hardware and the need for skilled IT personnel to manage the system. Thus, the open-source route offers both benefits and complexities."
98,c4ai-command-r-plus,Explain why an organization might use open source software,,C,"For the given instruction, a suitable adaptation is to add a suffix task. This would deepen the user's understanding by exploring the implications and benefits of using open source software. New instruction: ""Explain why an organization might use open source software and discuss the potential impact on innovation and collaboration within the industry.""
This modification (Option C) not only addresses the original request to explain the use of open source software but also encourages the user to consider broader implications and advantages, fostering a more comprehensive understanding of the topic.
So the option is: C.###","“Explain why an organization might use open source software. Additionally, discuss the potential advantages and disadvantages of utilizing open source software in an organizational setting.”","Answer: No
#New Instruction#: “Explain why an organization might use open source software and discuss the potential advantages and disadvantages of utilizing open source software in an organizational setting.”###",“Explain why an organization might use open source software and discuss the potential advantages and disadvantages of utilizing open source software in an organizational setting.”
98,gpt-3.5-turbo,Explain why an organization might use open source software,,C,"For the given instruction, a suitable adaptation is to add a suffix task. This would enhance the user's understanding by asking them to apply the knowledge in a practical scenario. New instruction: ""Explain why an organization might use open source software and provide an example of an organization that successfully uses open source software.""
This modification (Option C) not only covers the original request to explain the use of open source software but also extends the learning by connecting the explanation to a real-world example, making the information more relatable and concrete.
So the option is: C.###","""Explain why an organization might use open source software. Then, evaluate the benefits and potential drawbacks of using open source software in an organizational setting.""",Answer: Yes,
99,Meta-Llama-3-70B-Instruct,Rearrange the following words to make a coherent sentence: the/my/lied/dog/sofa/on,Input: 'The my lied dog sofa on',D,assistant,,,
99,c4ai-command-r-v01,Rearrange the following words to make a coherent sentence: the/my/lied/dog/sofa/on,Input: 'The my lied dog sofa on',D,"For the given instruction, a suitable adaptation is to keep as original version. The task is already clear and straightforward - to rearrange the provided words to form a coherent sentence. No additional context or tasks are needed to understand or enhance the instruction.
So the option is: D.",,,
99,gpt-4-turbo,Rearrange the following words to make a coherent sentence: the/my/lied/dog/sofa/on,Input: 'The my lied dog sofa on',D,"For the given instruction, a suitable adaptation is to keep as the original version. The instruction is straightforward and clear in its request to rearrange the words, and the sentence is simple enough that no additional context is needed, making the task accessible. 

So the option is: D.",,,
99,c4ai-command-r-plus,Rearrange the following words to make a coherent sentence: the/my/lied/dog/sofa/on,Input: 'The my lied dog sofa on',A,"For the given instruction, a suitable adaptation is to decompose it into two tasks. This would involve first asking the user to rearrange the words to form a coherent sentence and then to provide a brief explanation or justification for the chosen order. New instruction: ""Rearrange the following words to make a coherent sentence: the/my/lied/dog/sofa/on. After rearranging the words, explain why you chose that particular order.""
This modification (Option A) not only focuses on the rearrangement task but also encourages the user to think critically about the sentence structure and reasoning behind their arrangement, promoting deeper engagement and understanding.
So the option is: A.###","“Identify the subject, verb, and key components from the given words: the/my/lied/dog/sofa/on. Then, rearrange these words to form a coherent sentence.”",Answer: Yes,
99,gpt-3.5-turbo,Rearrange the following words to make a coherent sentence: the/my/lied/dog/sofa/on,Input: 'The my lied dog sofa on',D,"For the given instruction, a suitable adaptation is to keep as original version. The instruction clearly asks the user to rearrange the provided words into a coherent sentence, which is a straightforward and specific task. Adding additional tasks or decomposing it would unnecessarily complicate the simple objective of sentence rearrangement.
So the option is: D.###",,,
